candidate_id,pairing,verdict,total_score,tier1_score,error,tap_total,tap_hydrophobic,tap_positive,tap_negative,tap_sfvcsp,tap_flag_total,tap_flag_hydrophobic,tap_flag_positive,tap_flag_negative,tap_flag_sfvcsp,tap_weight,n_immuno_cdr,n_immuno_framework,n_immuno_observed,immuno_weight,n_predicted_binders,n_dropped_germline,vh_v_gene,vl_v_gene,structure_available,immunogenicity_available
Izastobart,TheraSAbDab,CONDITIONAL,31.38,26.382,,49.0,185.11,0.168,0.0,12.71,GREEN,GREEN,GREEN,GREEN,GREEN,0,1,0,0,5.0,,,IGHV3-15*01,IGLV1-44*04,1,1
Tamgiblimab,TheraSAbDab,GO,30.31,20.307,,49.0,178.035,0.098,0.0,15.3,GREEN,GREEN,GREEN,GREEN,GREEN,0,2,0,0,10.0,,,IGHV1-46*01,IGKV1-12*01,1,1
Petosemtamab_2,TheraSAbDab,CONDITIONAL,37.61,35.605,,54.0,175.163,0.0,0.072,9.0,GREEN,GREEN,GREEN,GREEN,GREEN,0,0,1,0,2.0,,,IGHV7-4-1*01,IGKV1-39*01,1,1
Micvotabart,TheraSAbDab,GO,28.74,23.743,,44.0,183.099,0.0,0.0,3.0,GREEN,GREEN,GREEN,GREEN,GREEN,0,1,0,0,5.0,,,IGHV3-23*01,IGKV3-20*01,1,1
Conatumumab,TheraSAbDab,CONDITIONAL,34.91,27.913,,50.0,165.303,0.001,0.0,8.4,GREEN,GREEN,GREEN,GREEN,GREEN,0,1,1,0,7.0,,,IGHV4-30-2*07,IGKV3-20*01,1,1
Lutikizumab,TheraSAbDab,NO-GO,45.66,26.657,,46.0,170.227,0.035,0.0,6.51,GREEN,GREEN,GREEN,GREEN,GREEN,0,3,2,0,19.0,,,IGHV3-30*01,IGKV1-33*01,1,1
Anbenitamab,TheraSAbDab,NO-GO,47.44,27.44,,46.0,165.54,0.0,0.0,12.0,GREEN,GREEN,GREEN,GREEN,GREEN,0,4,0,0,20.0,,,IGHV3-23*04,IGKV1-39*01,1,1
Drotokibart,TheraSAbDab,CONDITIONAL,38.85,28.847,,46.0,174.291,1.165,0.0,4.0,GREEN,GREEN,GREEN,GREEN,GREEN,0,2,0,0,10.0,,,IGHV3-48*01,IGKV3-11*01,1,1
Perenostobart,TheraSAbDab,GO,17.72,17.722,,48.0,142.853,0.119,0.0,12.0,GREEN,GREEN,GREEN,GREEN,GREEN,0,0,0,0,0,,,IGHV1-69*01,IGKV3-15*01,1,1
Urtoxazumab,TheraSAbDab,CONDITIONAL,37.15,22.149,,46.0,152.044,0.0,0.0,4.0,GREEN,GREEN,GREEN,GREEN,GREEN,0,3,0,0,15.0,,,IGHV3-7*01,IGKV3-11*01,1,1
Zamubafusp,TheraSAbDab,NO-GO,46.44,34.436,,43.0,168.22,0.149,0.0,0.0,AMBER,GREEN,GREEN,GREEN,GREEN,2.0,1,1,1,10.0,,,IGHV4-4*08,IGKV2-30*01,1,1
Brenetafusp,TheraSAbDab,NO-GO,52.35,32.355,,49.0,185.358,0.504,0.0,9.0,GREEN,GREEN,GREEN,GREEN,GREEN,0,4,0,0,20.0,,,IGHV3-23*04,IGKV1D-7-1*01,1,1
Englumafusp,TheraSAbDab,CONDITIONAL,36.24,24.239,,53.0,161.224,1.499,0.671,2.0,GREEN,GREEN,AMBER,GREEN,GREEN,2.0,2,0,0,10.0,,,IGHV1-2*02,IGKV2-29*02,1,1
Velinotamig,TheraSAbDab,NO-GO,56.86,39.861,,45.0,159.287,1.216,0.0,28.4,GREEN,GREEN,AMBER,GREEN,GREEN,2.0,3,0,0,15.0,,,IGHV3-33*01,IGKV1-39*01,1,1
Narsoplimab,TheraSAbDab,NO-GO,43.88,31.88,,45.0,174.439,2.066,0.04,0.0,GREEN,GREEN,AMBER,GREEN,GREEN,2.0,2,0,0,10.0,,,IGHV2-26*01,IGLV3-1*01,1,1
Atinumab,TheraSAbDab,CONDITIONAL,37.38,28.376,,41.0,148.632,0.0,0.135,4.0,AMBER,GREEN,GREEN,GREEN,GREEN,2.0,1,1,0,7.0,,,IGHV3-7*01,IGKV3-11*01,1,1
Lumistobart,TheraSAbDab,GO,29.12,27.118,,51.0,191.611,0.069,0.063,6.2,GREEN,GREEN,GREEN,GREEN,GREEN,0,0,1,0,2.0,,,IGHV4-31*02,IGKV4-1*01,1,1
Bulumtatug,TheraSAbDab,NO-GO,49.73,39.733,,52.0,176.55,0.105,0.0,6.0,GREEN,GREEN,GREEN,GREEN,GREEN,0,2,0,0,10.0,,,IGHV4-4*08,IGKV4-1*01,1,1
Pamrevlumab,TheraSAbDab,NO-GO,43.18,41.185,,47.0,156.582,0.0,0.0,2.2,GREEN,GREEN,GREEN,GREEN,GREEN,0,0,1,0,2.0,,,IGHV3-13*06,IGKV1D-16*01,1,1
Ansipastobart,TheraSAbDab,NO-GO,40.61,30.612,,48.0,187.097,0.058,0.057,3.3,GREEN,GREEN,GREEN,GREEN,GREEN,0,2,0,0,10.0,,,IGHV3-23*01,IGLV1-44*01,1,1
Aldastotug,TheraSAbDab,CONDITIONAL,31.53,24.533,,47.0,158.375,0.0,0.424,2.2,GREEN,GREEN,GREEN,GREEN,GREEN,0,1,1,0,7.0,,,IGHV5-10-1*01,IGKV3-20*01,1,1
Greziprubart,TheraSAbDab,GO,25.77,20.773,,51.0,179.174,0.111,0.061,1.1,GREEN,GREEN,GREEN,GREEN,GREEN,0,1,0,0,5.0,,,IGHV3-72*01,IGKV2-28*01,1,1
Latikafusp,TheraSAbDab,NO-GO,41.68,22.677,,50.0,179.026,1.26,0.119,2.2,GREEN,GREEN,AMBER,GREEN,GREEN,2.0,3,1,0,17.0,,,IGHV3-20*04,IGLV3-10*01,1,1
Umikibart,TheraSAbDab,CONDITIONAL,35.79,25.791,,44.0,189.87,0.157,0.0,12.0,GREEN,GREEN,GREEN,GREEN,GREEN,0,1,1,1,10.0,,,IGHV3-23*04,IGKV1D-7-1*01,1,1
Omoprubart,TheraSAbDab,NO-GO,43.69,29.691,,49.0,156.557,0.007,0.132,0.32,GREEN,GREEN,GREEN,GREEN,GREEN,0,2,2,0,14.0,,,IGHV1-2*02,IGKV1-33*01,1,1
Disitamab,TheraSAbDab,NO-GO,44.5,25.502,,40.0,153.047,0.171,0.0,3.72,AMBER,GREEN,GREEN,GREEN,GREEN,2.0,3,1,0,17.0,,,IGHV1-69-2*01,IGKV1-12*01,1,1
Reflocibart,TheraSAbDab,NO-GO,45.37,28.371,,47.0,157.033,0.303,0.0,21.7,GREEN,GREEN,GREEN,GREEN,GREEN,0,3,1,0,17.0,,,IGHV1-2*02,IGKV1-39*01,1,1
Cosibelimab,TheraSAbDab,CONDITIONAL,38.34,29.337,,51.0,135.321,0.325,0.0,-5.4,GREEN,AMBER,GREEN,GREEN,AMBER,4.0,1,0,0,5.0,,,IGHV1-69*01,IGLV6-57*03,1,1
Vilastobart,TheraSAbDab,CONDITIONAL,35.87,30.872,,45.0,160.629,0.0,0.464,-2.7,GREEN,GREEN,GREEN,GREEN,GREEN,0,1,0,0,5.0,,,IGHV1-69*02,IGKV6-21*01,1,1
Emfizatamab1_2,TheraSAbDab,NO-GO,49.22,37.22,,48.0,187.837,0.292,0.0,4.0,GREEN,GREEN,GREEN,GREEN,GREEN,0,2,1,0,12.0,,,IGHV5-51*01,IGKV1-13*02,1,1
Intetumumab,TheraSAbDab,CONDITIONAL,35.88,26.878,,47.0,160.644,0.04,0.0,6.0,GREEN,GREEN,GREEN,GREEN,GREEN,0,1,2,0,9.0,,,IGHV3-30*01,IGKV3-11*01,1,1
Pamvatamig,TheraSAbDab,GO,25.76,20.762,,50.0,172.932,0.0,0.0,9.0,GREEN,GREEN,GREEN,GREEN,GREEN,0,1,0,0,5.0,,,IGHV7-4-1*02,IGKV1-39*01,1,1
Lomtegovimab,TheraSAbDab,NO-GO,46.07,31.067,,47.0,172.429,0.046,0.284,8.2,GREEN,GREEN,GREEN,GREEN,GREEN,0,3,0,0,15.0,,,IGHV3-30*18,IGKV1-5*03,1,1
Velinotamig_2,TheraSAbDab,CONDITIONAL,35.18,23.178,,48.0,184.085,0.028,0.095,8.4,GREEN,GREEN,GREEN,GREEN,GREEN,0,2,1,0,12.0,,,IGHV1-3*01,IGKV1-39*01,1,1
Exbivirumab,TheraSAbDab,NO-GO,50.31,38.306,,50.0,206.641,0.236,0.146,5.61,GREEN,AMBER,GREEN,GREEN,GREEN,2.0,2,0,0,10.0,,,IGHV3-33*01,IGLV3-21*03,1,1
Enuzovimab,TheraSAbDab,NO-GO,45.05,33.05,,45.0,178.437,0.0,0.0,6.0,GREEN,GREEN,GREEN,GREEN,GREEN,0,2,1,0,12.0,,,IGHV3-53*01,IGKV1-12*01,1,1
Gresonitamab,TheraSAbDab,NO-GO,51.41,46.41,,52.0,187.292,0.145,0.0,28.0,GREEN,GREEN,GREEN,GREEN,GREEN,0,1,0,0,5.0,,,IGHV1-2*02,IGKV1-12*01,1,1
Mibavademab,TheraSAbDab,NO-GO,42.34,31.337,,47.0,155.709,0.0,0.0,9.0,GREEN,GREEN,GREEN,GREEN,GREEN,0,1,3,0,11.0,,,IGHV3-30*15,IGKV1-39*01,1,1
Tixagevimab,TheraSAbDab,NO-GO,42.6,37.597,,52.0,176.016,0.0,0.047,3.0,GREEN,GREEN,GREEN,GREEN,GREEN,0,1,0,0,5.0,,,IGHV1-58*01,IGKV3-20*01,1,1
Bosakitug,TheraSAbDab,NO-GO,42.32,30.321,,44.0,130.691,0.0,1.449,2.0,GREEN,AMBER,GREEN,GREEN,GREEN,2.0,2,0,0,10.0,,,IGHV1-46*01,IGKV1-39*01,1,1
Anzurstobart,TheraSAbDab,CONDITIONAL,33.94,23.937,,47.0,157.11,0.0,0.0,12.0,GREEN,GREEN,GREEN,GREEN,GREEN,0,2,0,0,10.0,,,IGHV1-18*01,IGKV1-12*01,1,1
Simaravibart,TheraSAbDab,GO,26.08,26.084,,48.0,187.299,0.0,0.183,0.0,GREEN,GREEN,GREEN,GREEN,GREEN,0,0,0,0,0,,,IGHV1-69*02,IGKV3-11*01,1,1
Rocatinlimab,TheraSAbDab,CONDITIONAL,36.85,31.854,,44.0,166.553,1.141,0.0,5.2,GREEN,GREEN,GREEN,GREEN,GREEN,0,1,0,0,5.0,,,IGHV2-5*02,IGKV3-20*01,1,1
Cudarolimab,TheraSAbDab,CONDITIONAL,32.28,27.283,,50.0,158.872,0.202,0.15,-3.6,GREEN,GREEN,GREEN,GREEN,GREEN,0,1,0,0,5.0,,,IGHV3-30*03,IGKV1-33*01,1,1
Adakitug,TheraSAbDab,NO-GO,42.0,32.0,,44.0,155.466,0.245,0.0,6.2,GREEN,GREEN,GREEN,GREEN,GREEN,0,2,0,0,10.0,,,IGHV3-33*01,IGKV3-20*01,1,1
Ebrasodebart,TheraSAbDab,NO-GO,47.03,42.031,,47.0,183.525,0.0,0.0,9.0,GREEN,GREEN,GREEN,GREEN,GREEN,0,1,0,0,5.0,,,IGHV1-18*01,IGLV3-1*01,1,1
Adintrevimab,TheraSAbDab,NO-GO,40.4,28.397,,57.0,191.458,0.0,1.132,1.1,AMBER,GREEN,GREEN,GREEN,GREEN,2.0,2,0,0,10.0,,,IGHV3-21*08,IGLV1-40*01,1,1
Cizutamig,TheraSAbDab,CONDITIONAL,37.7,25.698,,48.0,151.077,0.0,1.327,2.0,GREEN,GREEN,GREEN,GREEN,GREEN,0,1,2,1,12.0,,,IGHV1-3*01,IGKV1-33*01,1,1
Atenastobart,TheraSAbDab,NO-GO,48.9,28.896,,53.0,188.21,0.0,0.055,0.6,GREEN,GREEN,GREEN,GREEN,GREEN,0,4,0,0,20.0,,,IGHV3-21*08,IGLV2-8*01,1,1
Lupartumab,TheraSAbDab,CONDITIONAL,39.64,34.642,,49.0,171.588,0.0,0.0,2.0,GREEN,GREEN,GREEN,GREEN,GREEN,0,1,0,0,5.0,,,IGHV3-48*03,IGLV1-40*01,1,1
Invikafusp,TheraSAbDab,NO-GO,40.28,21.276,,46.0,123.273,0.25,0.0,18.91,GREEN,AMBER,GREEN,GREEN,GREEN,2.0,3,1,0,17.0,,,IGHV1-3*01,IGKV1-9*01,1,1
Lorigerlimab,TheraSAbDab,NO-GO,41.96,29.963,,50.0,185.293,0.01,1.164,-1.08,GREEN,GREEN,GREEN,GREEN,GREEN,0,2,1,0,12.0,,,IGHV1-46*01,IGKV3-11*01,1,1
Timcevibart,TheraSAbDab,NO-GO,40.53,35.531,,44.0,166.368,0.0,0.0,6.0,GREEN,GREEN,GREEN,GREEN,GREEN,0,1,0,0,5.0,,,IGHV3-66*01,IGKV1-9*01,1,1
Narnatumab,TheraSAbDab,CONDITIONAL,35.14,28.139,,49.0,180.699,1.313,0.0,10.5,GREEN,GREEN,AMBER,GREEN,GREEN,2.0,1,0,0,5.0,,,IGHV3-7*01,IGKV3-11*01,1,1
Xaluritamig,TheraSAbDab,CONDITIONAL,36.92,25.917,,47.0,173.602,1.505,0.192,6.0,GREEN,GREEN,AMBER,GREEN,GREEN,2.0,1,2,0,9.0,,,IGHV1-3*01,IGKV3-11*01,1,1
Tepoditamab_2,TheraSAbDab,GO,27.44,25.439,,45.0,154.246,1.128,0.0,15.0,GREEN,GREEN,GREEN,GREEN,GREEN,0,0,1,0,2.0,,,IGHV3-33*01,IGKV1-39*01,1,1
Crotedumab,TheraSAbDab,NO-GO,51.26,35.26,,55.0,175.532,0.0,1.607,-7.6,AMBER,GREEN,GREEN,GREEN,AMBER,4.0,2,1,0,12.0,,,IGHV3-7*01,IGKV1-17*01,1,1
Verekitug,TheraSAbDab,CONDITIONAL,33.88,23.879,,45.0,146.451,0.0,0.0,9.0,GREEN,GREEN,GREEN,GREEN,GREEN,0,2,0,0,10.0,,,IGHV3-23*01,IGKV1-16*02,1,1
Tabirafusp,TheraSAbDab,NO-GO,47.82,32.823,,45.0,161.824,0.0,1.234,-0.0,GREEN,GREEN,GREEN,GREEN,GREEN,0,3,0,0,15.0,,,IGHV3-23*03,IGKV1-39*01,1,1
Dargistotug,TheraSAbDab,CONDITIONAL,35.01,30.008,,48.0,177.561,0.0,0.0,6.0,GREEN,GREEN,GREEN,GREEN,GREEN,0,1,0,0,5.0,,,IGHV7-4-1*02,IGKV1-9*01,1,1
Olinvacimab,TheraSAbDab,NO-GO,48.45,31.447,,49.0,195.004,0.045,0.252,-3.1,GREEN,GREEN,GREEN,GREEN,GREEN,0,3,1,0,17.0,,,IGHV1-3*01,IGLV3-21*01,1,1
Rilvegostomig_2,TheraSAbDab,NO-GO,47.43,30.428,,52.0,204.908,0.052,0.0,6.2,GREEN,AMBER,GREEN,GREEN,GREEN,2.0,3,0,0,15.0,,,IGHV3-30*01,IGLV1-44*01,1,1
Spevatamig,TheraSAbDab,NO-GO,42.75,25.746,,41.0,141.951,0.0,1.238,-1.98,AMBER,GREEN,GREEN,GREEN,GREEN,2.0,3,0,0,15.0,,,IGHV1-46*01,IGKV3-20*01,1,1
Omectatug,TheraSAbDab,NO-GO,42.59,32.587,,51.0,167.159,1.149,0.0,15.3,GREEN,GREEN,GREEN,GREEN,GREEN,0,2,0,0,10.0,,,IGHV1-8*01,IGKV4-1*01,1,1
Donzakimig1,TheraSAbDab,NO-GO,45.66,35.664,,51.0,172.72,0.0,0.243,-1.0,GREEN,GREEN,GREEN,GREEN,GREEN,0,2,0,0,10.0,,,IGHV3-23*04,IGKV1-9*03,1,1
Necitumumab,TheraSAbDab,GO,25.4,25.402,,48.0,191.315,0.0,0.0,3.0,GREEN,GREEN,GREEN,GREEN,GREEN,0,0,0,0,0,,,IGHV4-30-2*07,IGKV3-11*01,1,1
Obertamig_2,TheraSAbDab,CONDITIONAL,32.23,30.233,,58.0,195.978,0.644,0.0,10.5,AMBER,GREEN,GREEN,GREEN,GREEN,2.0,0,0,0,0,,,IGHV6-1*01,IGKV4-1*01,1,1
Etesevimab,TheraSAbDab,NO-GO,52.47,28.475,,48.0,172.373,0.0,0.479,3.0,GREEN,GREEN,GREEN,GREEN,GREEN,0,4,2,0,24.0,,,IGHV3-66*01,IGKV1-39*01,1,1
Inezetamab,TheraSAbDab,NO-GO,57.01,37.008,,52.0,148.717,0.051,0.0,9.3,GREEN,GREEN,GREEN,GREEN,GREEN,0,4,0,0,20.0,,,IGHV3-23*01,IGLV2-14*01,1,1
Tregalizumab,TheraSAbDab,NO-GO,65.94,38.939,,55.0,181.353,0.0,1.137,0.0,AMBER,GREEN,GREEN,GREEN,GREEN,2.0,5,0,0,25.0,,,IGHV3-15*06,IGKV4-1*01,1,1
Ciduvectamig_2,TheraSAbDab,NO-GO,44.98,26.977,,51.0,202.603,0.729,0.0,16.4,GREEN,AMBER,GREEN,GREEN,GREEN,2.0,2,3,0,16.0,,,IGHV6-1*01,IGLV2-23*02,1,1
Dezamizumab,TheraSAbDab,CONDITIONAL,39.31,29.312,,49.0,160.881,0.033,0.805,2.1,GREEN,GREEN,GREEN,GREEN,GREEN,0,2,0,0,10.0,,,IGHV1-69*02,IGKV1-39*01,1,1
Clervonafusp,TheraSAbDab,NO-GO,47.93,27.929,,47.0,180.133,1.12,0.0,12.0,GREEN,GREEN,GREEN,GREEN,GREEN,0,3,1,1,20.0,,,IGHV3-48*01,IGKV1-39*01,1,1
Batoclimab,TheraSAbDab,NO-GO,44.08,42.085,,50.0,190.508,0.0,1.444,-4.1,GREEN,GREEN,GREEN,GREEN,GREEN,0,0,1,0,2.0,,,IGHV4-39*02,IGLV3-21*02,1,1
Casdozokitug,TheraSAbDab,CONDITIONAL,33.73,29.73,,59.0,205.487,0.033,0.139,3.1,AMBER,AMBER,GREEN,GREEN,GREEN,4.0,0,0,0,0,,,IGHV3-21*08,IGKV4-1*01,1,1
Ispectamab,TheraSAbDab,NO-GO,,25.299,,49.0,184.302,0.106,0.064,6.0,GREEN,GREEN,GREEN,GREEN,GREEN,0,4,0,0,20.0,,,IGHV3-66*01,IGKV1-39*01,1,1
Romlusevimab,TheraSAbDab,CONDITIONAL,38.09,38.085,,48.0,197.053,0.005,0.138,0.2,GREEN,GREEN,GREEN,GREEN,GREEN,0,0,0,0,0,,,IGHV7-4-1*02,IGLV3-21*01,1,1
Alacizumab,TheraSAbDab,CONDITIONAL,37.65,25.653,,44.0,173.576,0.0,1.129,0.0,GREEN,GREEN,GREEN,GREEN,GREEN,0,2,1,0,12.0,,,IGHV3-7*01,IGKV1-16*01,1,1
Adecatumumab,TheraSAbDab,NO-GO,53.4,38.4,,54.0,167.828,0.0,0.702,2.0,GREEN,GREEN,GREEN,GREEN,GREEN,0,3,0,0,15.0,,,IGHV3-30*18,IGKV1-39*01,1,1
Opelkibart,TheraSAbDab,NO-GO,41.49,26.491,,50.0,166.192,0.0,0.118,12.0,GREEN,GREEN,GREEN,GREEN,GREEN,0,3,0,0,15.0,,,IGHV5-51*01,IGKV1-12*01,1,1
Rilotumumab,TheraSAbDab,CONDITIONAL,34.26,29.258,,48.0,143.186,0.0,0.0,9.0,GREEN,GREEN,GREEN,GREEN,GREEN,0,1,0,0,5.0,,,IGHV4-59*01,IGKV3-15*01,1,1
Gremubamab,TheraSAbDab,NO-GO,50.53,28.526,,51.0,167.352,0.0,0.0,-4.5,GREEN,GREEN,GREEN,GREEN,AMBER,2.0,4,0,0,20.0,,,IGHV3-23*01,IGKV1-6*01,1,1
Sotiburafusp,TheraSAbDab,NO-GO,43.21,36.211,,52.0,163.939,0.409,0.068,13.2,GREEN,GREEN,GREEN,GREEN,GREEN,0,1,1,0,7.0,,,IGHV1-3*01,IGKV2-29*02,1,1
Bafisontamab_2,TheraSAbDab,NO-GO,51.1,44.098,,44.0,127.702,0.0,0.0,12.0,GREEN,AMBER,GREEN,GREEN,GREEN,2.0,1,0,0,5.0,,,IGHV1-18*01,IGKV1-12*01,1,1
Aducanumab,TheraSAbDab,NO-GO,42.5,33.5,,51.0,163.632,3.039,0.0,27.0,GREEN,GREEN,AMBER,GREEN,GREEN,2.0,1,1,0,7.0,,,IGHV3-33*01,IGKV1-39*01,1,1
Mozistobart,TheraSAbDab,NO-GO,42.18,27.181,,50.0,158.577,0.119,0.0,7.04,GREEN,GREEN,GREEN,GREEN,GREEN,0,3,0,0,15.0,,,IGHV3-48*03,IGKV1-39*01,1,1
Demupitamab,TheraSAbDab,GO,30.53,28.533,,46.0,148.942,0.174,0.107,-3.6,GREEN,GREEN,GREEN,GREEN,GREEN,0,0,1,0,2.0,,,IGHV4-61*01,IGKV1-33*01,1,1
Atidortoxumab,TheraSAbDab,GO,28.25,23.248,,46.0,168.407,0.0,0.0,12.4,GREEN,GREEN,GREEN,GREEN,GREEN,0,1,0,0,5.0,,,IGHV4-38-2*01,IGKV1-12*01,1,1
Luvagrobart,TheraSAbDab,NO-GO,42.3,30.303,,48.0,152.043,0.027,0.159,6.4,GREEN,GREEN,GREEN,GREEN,GREEN,0,2,1,0,12.0,,,IGHV4-38-2*02,IGKV1-39*01,1,1
Xirestomig,TheraSAbDab,CONDITIONAL,39.38,29.377,,53.0,168.33,0.041,0.055,6.3,GREEN,GREEN,GREEN,GREEN,GREEN,0,2,0,0,10.0,,,IGHV1-69*04,IGLV2-14*01,1,1
Zanolimumab,TheraSAbDab,NO-GO,,32.037,,42.0,142.431,0.0,0.0,8.61,AMBER,GREEN,GREEN,GREEN,GREEN,2.0,0,0,0,0,,,IGHV4-34*01,IGKV1-12*01,1,1
Ansuvimab,TheraSAbDab,NO-GO,55.15,33.151,,46.0,175.576,0.069,0.172,0.0,GREEN,GREEN,GREEN,GREEN,GREEN,0,4,1,0,22.0,,,IGHV3-13*01,IGKV1-27*01,1,1
Pulocimab,TheraSAbDab,CONDITIONAL,32.16,23.159,,43.0,169.002,0.0,0.147,6.0,AMBER,GREEN,GREEN,GREEN,GREEN,2.0,1,1,0,7.0,,,IGHV3-21*01,IGKV1-12*01,1,1
Pacanalotamab,TheraSAbDab,NO-GO,53.33,29.326,,48.0,135.15,0.016,0.079,0.22,GREEN,AMBER,GREEN,GREEN,GREEN,2.0,4,1,0,22.0,,,IGHV1-46*01,IGKV1-33*01,1,1
Diridavumab,TheraSAbDab,GO,21.57,19.575,,53.0,152.749,1.451,0.051,12.0,GREEN,GREEN,AMBER,GREEN,GREEN,2.0,0,0,0,0,,,IGHV1-69*01,IGLV1-51*01,1,1
Sabestomig_2,TheraSAbDab,CONDITIONAL,33.83,31.832,,51.0,180.482,1.417,0.149,0.0,GREEN,GREEN,AMBER,GREEN,GREEN,2.0,0,0,0,0,,,IGHV3-23*01,IGLV3-21*01,1,1
Danvilostomig_2,TheraSAbDab,NO-GO,52.09,37.091,,44.0,153.701,0.0,0.0,0.0,GREEN,GREEN,GREEN,GREEN,GREEN,0,3,0,0,15.0,,,IGHV3-23*04,IGKV1-27*01,1,1
Duvortuxizumab,TheraSAbDab,NO-GO,42.81,33.815,,46.0,157.932,0.0,0.0,4.0,GREEN,GREEN,GREEN,GREEN,GREEN,0,1,2,0,9.0,,,IGHV2-5*08,IGKV3-11*01,1,1
Lunlekitug,TheraSAbDab,CONDITIONAL,34.46,32.463,,51.0,163.042,0.0,1.29,-3.8,GREEN,GREEN,GREEN,GREEN,GREEN,0,0,1,0,2.0,,,IGHV1-69*01,IGKV4-1*01,1,1
Zeripatamig_2,TheraSAbDab,NO-GO,42.13,32.133,,47.0,186.239,0.0,1.388,-0.0,GREEN,GREEN,GREEN,GREEN,GREEN,0,2,0,0,10.0,,,IGHV3-23*01,IGLV6-57*01,1,1
Depemokimab,TheraSAbDab,CONDITIONAL,39.45,29.445,,52.0,183.87,0.01,0.0,6.3,GREEN,GREEN,GREEN,GREEN,GREEN,0,2,0,0,10.0,,,IGHV2-70*19,IGKV4-1*01,1,1
Pasritamig_2,TheraSAbDab,CONDITIONAL,36.98,24.978,,43.0,157.786,0.0,0.0,8.0,AMBER,GREEN,GREEN,GREEN,GREEN,2.0,2,0,0,10.0,,,IGHV3-21*01,IGKV1-39*01,1,1
Rosmantuzumab,TheraSAbDab,NO-GO,47.99,35.993,,48.0,166.914,0.0,1.25,-2.0,GREEN,GREEN,GREEN,GREEN,GREEN,0,2,1,0,12.0,,,IGHV1-46*01,IGKV1-39*01,1,1
Imeroprubart,TheraSAbDab,NO-GO,46.54,37.537,,50.0,209.453,0.581,2.094,-0.8,GREEN,AMBER,GREEN,AMBER,GREEN,4.0,1,0,0,5.0,,,IGHV3-23*01,IGLV3-21*02,1,1
Safimestomig_2,TheraSAbDab,NO-GO,40.09,23.088,,46.0,135.388,0.622,0.0,9.3,GREEN,AMBER,GREEN,GREEN,GREEN,2.0,3,0,0,15.0,,,IGHV1-69-2*01,IGKV1D-7-1*01,1,1
Lemzoparlimab,TheraSAbDab,CONDITIONAL,39.54,27.544,,51.0,187.888,0.0,0.0,6.0,GREEN,GREEN,GREEN,GREEN,GREEN,0,2,1,0,12.0,,,IGHV3-15*07,IGKV4-1*01,1,1
Nebratamig2,TheraSAbDab,CONDITIONAL,37.3,30.305,,55.0,174.06,0.015,1.572,-0.0,AMBER,GREEN,GREEN,GREEN,GREEN,2.0,1,0,0,5.0,,,IGHV3-23*03,IGKV1-27*01,1,1
Puxitatug,TheraSAbDab,NO-GO,,31.251,,44.0,133.772,0.0,0.0,12.3,GREEN,AMBER,GREEN,GREEN,GREEN,2.0,2,0,0,10.0,,,IGHV4-34*01,IGKV1-17*01,1,1
Stapokibart,TheraSAbDab,NO-GO,44.3,27.303,,46.0,159.046,0.016,0.0,6.3,GREEN,GREEN,GREEN,GREEN,GREEN,0,3,1,0,17.0,,,IGHV3-23*03,IGKV1-33*01,1,1
Gimistotug,TheraSAbDab,CONDITIONAL,37.43,22.428,,47.0,147.916,0.132,0.0,5.0,GREEN,GREEN,GREEN,GREEN,GREEN,0,3,0,0,15.0,,,IGHV1-46*01,IGKV1-16*01,1,1
Eurestobart,TheraSAbDab,NO-GO,48.94,27.938,,49.0,149.741,0.0,0.0,6.0,GREEN,GREEN,GREEN,GREEN,GREEN,0,3,3,0,21.0,,,IGHV1-3*01,IGKV3-11*01,1,1
Danburstotug,TheraSAbDab,CONDITIONAL,37.2,32.197,,50.0,197.665,1.129,0.148,0.1,GREEN,GREEN,GREEN,GREEN,GREEN,0,1,0,0,5.0,,,IGHV1-69*01,IGLV3-21*01,1,1
Zifibancimig,TheraSAbDab,NO-GO,54.48,30.479,,42.0,159.998,0.187,1.348,-0.1,AMBER,GREEN,GREEN,GREEN,GREEN,2.0,4,1,0,22.0,,,IGHV3-23*04,IGKV1-13*02,1,1
Cugrastomig,TheraSAbDab,NO-GO,41.46,29.464,,47.0,123.132,0.111,0.801,0.1,GREEN,AMBER,GREEN,GREEN,GREEN,2.0,2,0,0,10.0,,,IGHV4-34*01,IGKV3-11*01,1,1
Ralzapastotug,TheraSAbDab,CONDITIONAL,39.77,29.773,,48.0,157.053,0.007,0.0,12.3,GREEN,GREEN,GREEN,GREEN,GREEN,0,2,0,0,10.0,,,IGHV4-4*02,IGKV3-15*01,1,1
Emfizatamab1,TheraSAbDab,NO-GO,49.74,34.736,,52.0,174.389,0.0,0.0,6.0,GREEN,GREEN,GREEN,GREEN,GREEN,0,3,0,0,15.0,,,IGHV3-66*01,IGKV1-5*01,1,1
Emirodatamab,TheraSAbDab,NO-GO,54.54,49.537,,51.0,152.117,0.117,0.0,16.0,GREEN,GREEN,GREEN,GREEN,GREEN,0,1,0,0,5.0,,,IGHV2-26*01,IGKV1-17*01,1,1
Emfizatamab2_2,TheraSAbDab,NO-GO,53.84,28.843,,47.0,167.725,0.01,0.052,4.1,GREEN,GREEN,GREEN,GREEN,GREEN,0,5,0,0,25.0,,,IGHV3-64*04,IGKV1-39*01,1,1
Astegolimab,TheraSAbDab,GO,28.79,26.787,,48.0,157.148,0.044,0.0,2.0,GREEN,GREEN,GREEN,GREEN,GREEN,0,0,1,0,2.0,,,IGHV5-51*01,IGKV1-33*01,1,1
Lesabelimab,TheraSAbDab,CONDITIONAL,38.26,26.261,,47.0,173.496,0.0,0.0,12.0,GREEN,GREEN,GREEN,GREEN,GREEN,0,2,1,0,12.0,,,IGHV3-66*01,IGKV1-39*01,1,1
Linavonkibart,TheraSAbDab,NO-GO,59.29,39.285,,48.0,166.551,0.0,0.0,0.0,GREEN,GREEN,GREEN,GREEN,GREEN,0,4,0,0,20.0,,,IGHV3-48*01,IGKV1-33*01,1,1
Osemitamab,TheraSAbDab,NO-GO,42.93,27.93,,51.0,194.63,0.013,0.0,12.3,GREEN,GREEN,GREEN,GREEN,GREEN,0,3,0,0,15.0,,,IGHV1-46*01,IGKV4-1*01,1,1
Navenibart,TheraSAbDab,NO-GO,41.17,24.166,,48.0,148.186,0.112,0.424,0.0,GREEN,GREEN,GREEN,GREEN,GREEN,0,3,1,0,17.0,,,IGHV1-69*02,IGKV1-16*01,1,1
Ponsegromab,TheraSAbDab,NO-GO,43.38,28.379,,47.0,153.814,0.0,0.0,0.01,GREEN,GREEN,GREEN,GREEN,GREEN,0,3,0,0,15.0,,,IGHV1-69*01,IGKV3-11*01,1,1
Lumrotatug,TheraSAbDab,NO-GO,42.01,28.013,,46.0,171.415,0.591,1.237,4.0,GREEN,GREEN,GREEN,GREEN,GREEN,0,2,2,0,14.0,,,IGHV4-4*08,IGKV3D-7*01,1,1
Daxdilimab,TheraSAbDab,NO-GO,49.1,44.099,,53.0,183.247,0.0,0.802,4.2,GREEN,GREEN,GREEN,GREEN,GREEN,0,1,0,0,5.0,,,IGHV1-18*01,IGLV2-14*03,1,1
Ontuxizumab,TheraSAbDab,NO-GO,51.09,35.094,,52.0,151.329,0.0,2.649,-4.0,GREEN,GREEN,GREEN,AMBER,GREEN,2.0,2,2,0,14.0,,,IGHV4-30-2*07,IGKV1-33*01,1,1
Uprevstobart,TheraSAbDab,NO-GO,45.2,31.198,,48.0,136.417,0.044,0.0,0.0,GREEN,AMBER,GREEN,GREEN,GREEN,2.0,2,1,0,12.0,,,IGHV5-51*01,IGKV4-1*01,1,1
Ersodetug,TheraSAbDab,NO-GO,46.77,37.768,,50.0,192.999,0.057,1.114,2.1,GREEN,GREEN,GREEN,GREEN,GREEN,0,1,2,0,9.0,,,IGHV3-30*01,IGKV2-30*01,1,1
Turenkibart,TheraSAbDab,NO-GO,,20.015,,51.0,161.151,0.173,0.1,2.6,GREEN,GREEN,GREEN,GREEN,GREEN,0,2,0,0,10.0,,,IGHV1-69-2*01,IGKV4-1*01,1,1
Ogalvibart,TheraSAbDab,NO-GO,48.59,38.592,,46.0,157.847,0.456,0.15,2.1,GREEN,GREEN,GREEN,GREEN,GREEN,0,2,0,0,10.0,,,IGHV3-30*01,IGKV1-5*01,1,1
Sudubrilimab,TheraSAbDab,CONDITIONAL,38.84,26.845,,45.0,149.279,1.256,0.0,4.41,GREEN,GREEN,AMBER,GREEN,GREEN,2.0,2,0,0,10.0,,,IGHV3-23*04,IGKV1-13*02,1,1
Levilimab,TheraSAbDab,NO-GO,61.49,35.486,,51.0,162.954,0.0,0.211,0.0,GREEN,GREEN,GREEN,GREEN,GREEN,0,4,3,0,26.0,,,IGHV3-66*01,IGKV4-1*01,1,1
Nezutatug,TheraSAbDab,CONDITIONAL,39.3,27.297,,47.0,169.094,0.0,0.0,4.51,GREEN,GREEN,GREEN,GREEN,GREEN,0,2,1,0,12.0,,,IGHV4-31*01,IGKV1-12*01,1,1
Bedinvetmab,TheraSAbDab,NO-GO,56.98,37.982,,56.0,213.786,0.0,0.18,0.9,AMBER,AMBER,GREEN,GREEN,GREEN,4.0,3,0,0,15.0,,,IGHV3-NL1*01,IGLV1-40*01,1,1
Forimtamig,TheraSAbDab,GO,30.46,20.456,,49.0,168.013,0.0,0.444,3.3,GREEN,GREEN,GREEN,GREEN,GREEN,0,2,0,0,10.0,,,IGHV1-69*02,IGKV3-20*01,1,1
Etigilimab,TheraSAbDab,CONDITIONAL,31.77,19.769,,45.0,160.438,0.0,0.0,15.0,GREEN,GREEN,GREEN,GREEN,GREEN,0,2,1,0,12.0,,,IGHV4-59*01,IGKV1-33*01,1,1
Tovetumab,TheraSAbDab,CONDITIONAL,39.72,24.724,,48.0,184.629,0.0,0.0,12.0,GREEN,GREEN,GREEN,GREEN,GREEN,0,3,0,0,15.0,,,IGHV3-11*01,IGKV1-39*01,1,1
Rovelizumab,TheraSAbDab,CONDITIONAL,33.32,19.322,,51.0,142.266,0.264,3.16,-4.0,GREEN,GREEN,GREEN,AMBER,GREEN,2.0,2,1,0,12.0,,,IGHV1-3*01,IGKV1-39*01,1,1
Ocaratuzumab,TheraSAbDab,NO-GO,41.93,21.929,,47.0,171.602,0.0,0.0,5.0,GREEN,GREEN,GREEN,GREEN,GREEN,0,4,0,0,20.0,,,IGHV5-51*01,IGKV3-20*01,1,1
Nadecnemab,TheraSAbDab,CONDITIONAL,37.69,32.688,,51.0,167.574,0.0,0.0,3.3,GREEN,GREEN,GREEN,GREEN,GREEN,0,1,0,0,5.0,,,IGHV3-23*04,IGKV1-12*01,1,1
Bexatamig,TheraSAbDab,NO-GO,51.72,29.717,,53.0,175.789,0.195,0.0,0.0,GREEN,GREEN,GREEN,GREEN,GREEN,0,4,1,0,22.0,,,IGHV5-10-1*04,IGKV4-1*01,1,1
Gorivitug,TheraSAbDab,NO-GO,45.96,30.962,,50.0,179.138,0.0,0.0,0.0,GREEN,GREEN,GREEN,GREEN,GREEN,0,3,0,0,15.0,,,IGHV3-64D*06,IGKV1-39*01,1,1
Firastotug,TheraSAbDab,CONDITIONAL,32.5,25.498,,44.0,137.917,0.537,0.237,6.6,GREEN,GREEN,GREEN,GREEN,GREEN,0,1,1,0,7.0,,,IGHV3-7*01,IGKV1-13*02,1,1
Sigvotatug,TheraSAbDab,CONDITIONAL,39.45,23.455,,43.0,152.016,0.071,0.141,4.0,AMBER,GREEN,GREEN,GREEN,GREEN,2.0,2,2,0,14.0,,,IGHV1-46*01,IGKV1-33*01,1,1
Pemivibart,TheraSAbDab,NO-GO,44.19,32.19,,57.0,197.393,0.0,1.231,-1.0,AMBER,GREEN,GREEN,GREEN,GREEN,2.0,2,0,0,10.0,,,IGHV3-21*08,IGLV1-40*01,1,1
Evalstotug,TheraSAbDab,NO-GO,43.81,33.808,,46.0,195.871,0.0,0.0,3.3,GREEN,GREEN,GREEN,GREEN,GREEN,0,2,0,0,10.0,,,IGHV3-30*01,IGKV1-13*02,1,1
Donzakimig2,TheraSAbDab,NO-GO,58.53,37.526,,42.0,162.558,0.0,0.174,0.1,AMBER,GREEN,GREEN,GREEN,GREEN,2.0,3,2,0,19.0,,,IGHV1-69*02,IGKV1-39*01,1,1
QHZ08643_QHZ08651,Patent text,NO-GO,41.98,41.976,,44.0,163.803,0.0,0.0,4.2,GREEN,GREEN,GREEN,GREEN,GREEN,0,0,0,0,0,,,IGHV2-5*02,IGKV1D-16*01,1,1
Inezetamab_2,TheraSAbDab,NO-GO,55.21,40.214,,44.0,165.637,0.141,0.0,10.5,GREEN,GREEN,GREEN,GREEN,GREEN,0,3,0,0,15.0,,,IGHV3-11*01,IGKV1-12*01,1,1
AFQ83141_AFQ83148,Patent text,CONDITIONAL,35.33,26.332,,57.0,189.07,0.0,0.0,6.0,AMBER,GREEN,GREEN,GREEN,GREEN,2.0,1,1,0,7.0,,,IGHV2-5*02,IGKV3-20*01,1,1
AFO05311_AFO05305,Patent text,NO-GO,41.41,26.406,,44.0,168.984,0.357,0.0,0.0,GREEN,GREEN,GREEN,GREEN,GREEN,0,3,0,0,15.0,,,IGHV1-69*02,IGKV3-20*01,1,1
UOS82608_UOS82606,Patent text,NO-GO,43.78,26.784,,49.0,172.91,0.0,0.0,0.0,GREEN,GREEN,GREEN,GREEN,GREEN,0,3,1,0,17.0,,,IGHV1-46*01,IGKV3-15*01,1,1
Berlimatoxumab,TheraSAbDab,CONDITIONAL,32.74,27.743,,46.0,154.973,0.22,0.568,12.2,GREEN,GREEN,GREEN,GREEN,GREEN,0,1,0,0,5.0,,,IGHV4-39*01,IGKV1-39*01,1,1
XEF76981_XEF76997,Patent text,NO-GO,59.28,43.282,,52.0,250.407,0.0,0.0,6.0,GREEN,RED,GREEN,GREEN,GREEN,6.0,2,0,0,10.0,,,IGHV3-30*01,IGLV3-21*03,1,1
QKO95500_QKO95510,Patent text,NO-GO,42.65,30.651,,45.0,181.582,0.0,1.997,-2.0,GREEN,GREEN,GREEN,AMBER,GREEN,2.0,2,0,0,10.0,,,IGHV3-66*01,IGKV1-5*01,1,1
WQA08152_WQA08155,Patent text,NO-GO,69.68,57.679,,45.0,125.08,0.104,0.0,6.3,GREEN,AMBER,GREEN,GREEN,GREEN,2.0,2,0,0,10.0,,,IGHV1-69*01,IGKV3-11*02,1,1
ATL02311_ATL02325,Patent text,NO-GO,,36.306,,47.0,165.223,0.0,1.181,-4.0,GREEN,GREEN,GREEN,GREEN,GREEN,0,3,0,0,15.0,,,IGHV3-23*03,IGLV1-47*02,1,1
AED79545_AED79524,Patent text,CONDITIONAL,34.62,24.619,,49.0,164.437,0.0,0.522,3.0,GREEN,GREEN,GREEN,GREEN,GREEN,0,2,0,0,10.0,,,IGHV2-5*02,IGKV1-39*01,1,1
AGA47745_AGA47786,Patent text,NO-GO,,35.093,,50.0,177.09,1.795,0.344,10.0,GREEN,GREEN,AMBER,GREEN,GREEN,2.0,3,0,0,15.0,,,IGHV3-23*01,IGKV1-39*01,1,1
AYJ12201_AYJ12193,Patent text,NO-GO,54.82,32.824,,45.0,157.133,0.0,0.0,4.2,GREEN,GREEN,GREEN,GREEN,GREEN,0,3,2,1,22.0,,,IGHV3-64*07,IGKV1D-16*01,1,1
WIS44244_WIS44245,Patent text,NO-GO,61.24,41.238,,54.0,198.62,0.004,1.438,0.5,GREEN,GREEN,GREEN,GREEN,GREEN,0,4,0,0,20.0,,,IGHV3-30*01,IGLV3-21*03,1,1
AYI23477_AYI23478,Patent text,NO-GO,,31.334,,55.0,216.808,0.029,0.5,-0.0,AMBER,AMBER,GREEN,GREEN,GREEN,4.0,2,1,0,12.0,,,IGHV1-69*06,IGLV3-1*01,1,1
UCY67266_UCY67310,Patent text,GO,29.16,29.163,,49.0,171.479,0.111,0.0,0.2,GREEN,GREEN,GREEN,GREEN,GREEN,0,0,0,0,0,,,IGHV3-23*01,IGKV3-20*01,1,1
QPY47384_QPY47389,Patent text,CONDITIONAL,34.47,19.473,,49.0,163.187,0.229,0.0,6.51,GREEN,GREEN,GREEN,GREEN,GREEN,0,3,0,0,15.0,,,IGHV3-15*07,IGKV3-15*01,1,1
QFO65457_QFO65461,Patent text,CONDITIONAL,37.12,27.124,,45.0,160.445,0.0,0.0,9.0,GREEN,GREEN,GREEN,GREEN,GREEN,0,2,0,0,10.0,,,IGHV3-11*01,IGKV1-39*01,1,1
AGN05394_AGN05393,Patent text,NO-GO,,37.675,,,,,,,,,,,,0.0,1,0,0,5.0,,,IGHV3-30-3*02,IGLV2-11*01,0,1
AZJ55701_AZJ55702,Patent text,GO,29.18,17.177,,51.0,145.417,1.372,0.0,3.0,GREEN,GREEN,AMBER,GREEN,GREEN,2.0,2,0,0,10.0,,,IGHV1-69*01,IGKV1-39*01,1,1
QPT61267_QPT61271,Patent text,NO-GO,42.41,38.413,,48.0,203.497,0.0,0.048,-4.0,GREEN,AMBER,GREEN,GREEN,GREEN,2.0,0,1,0,2.0,,,IGHV3-23*04,IGLV3-25*02,1,1
QNB61443_QNB61406,Patent text,NO-GO,60.51,42.511,,49.0,159.432,0.156,0.0,8.4,GREEN,GREEN,GREEN,GREEN,GREEN,0,3,0,1,18.0,,,IGHV3-66*01,IGKV2-30*01,1,1
QRJ74604_QRJ74588,Patent text,NO-GO,73.46,52.456,,51.0,212.786,1.309,0.0,-3.6,GREEN,AMBER,AMBER,GREEN,GREEN,4.0,3,1,0,17.0,,,IGHV3-7*01,IGLV3-21*01,1,1
AED79547_AED79525,Patent text,NO-GO,44.79,28.788,,49.0,160.71,0.0,2.249,-6.0,GREEN,GREEN,GREEN,AMBER,AMBER,4.0,2,1,0,12.0,,,IGHV2-5*02,IGKV1-13*02,1,1
WIS43394_WIS43393,Patent text,CONDITIONAL,36.88,28.878,,61.0,257.683,0.0,0.0,0.3,AMBER,RED,GREEN,GREEN,GREEN,8.0,0,0,0,0,,,IGHV1-46*01,IGLV7-43*01,1,1
QRK67310_QRK67314,Patent text,NO-GO,51.08,34.077,,49.0,217.298,1.12,1.419,-0.8,GREEN,AMBER,GREEN,GREEN,GREEN,2.0,3,0,0,15.0,,,IGHV3-23*01,IGLV3-1*01,1,1
QPT68137_QPT68144,Patent text,CONDITIONAL,33.57,28.569,,47.0,189.35,1.117,0.077,1.1,GREEN,GREEN,GREEN,GREEN,GREEN,0,1,0,0,5.0,,,IGHV1-2*06,IGLV3-1*01,1,1
QRJ91484_QRJ91510,Patent text,NO-GO,64.02,40.023,,49.0,178.171,0.0,1.75,-6.0,GREEN,GREEN,GREEN,AMBER,AMBER,4.0,3,1,1,20.0,,,IGHV3-23*04,IGKV4-1*01,1,1
AOB91647_AOB91644,Patent text,NO-GO,,30.031,,,,,,,,,,,,0.0,1,0,0,5.0,,,IGHV3-23*04,IGKV1-39*01,0,1
WIS43812_WIS43811,Patent text,NO-GO,61.44,50.439,,52.0,210.793,1.324,0.08,1.1,GREEN,AMBER,AMBER,GREEN,GREEN,4.0,1,1,0,7.0,,,IGHV3-23*01,IGLV3-10*01,1,1
QXD47937_QXD47965,Patent text,NO-GO,45.06,35.058,,50.0,164.943,0.136,1.343,6.2,GREEN,GREEN,GREEN,GREEN,GREEN,0,2,0,0,10.0,,,IGHV3-33*01,IGKV1D-16*01,1,1
XEF76947_XEF77001,Patent text,NO-GO,45.88,30.878,,52.0,199.957,0.0,0.857,0.0,GREEN,GREEN,GREEN,GREEN,GREEN,0,3,0,0,15.0,,,IGHV3-66*01,IGLV3-19*01,1,1
WIS43530_WIS43531,Patent text,NO-GO,53.21,44.214,,49.0,196.553,0.0,0.0,-1.1,GREEN,GREEN,GREEN,GREEN,GREEN,0,1,2,0,9.0,,,IGHV3-9*01,IGKV1-12*01,1,1
QXD47930_QXD47957,Patent text,NO-GO,42.73,32.731,,47.0,175.07,0.287,0.044,12.0,GREEN,GREEN,GREEN,GREEN,GREEN,0,2,0,0,10.0,,,IGHV3-7*01,IGKV1-12*01,1,1
UOK24206_UOK24205,Patent text,CONDITIONAL,39.44,27.445,,47.0,150.769,0.052,0.037,6.0,GREEN,GREEN,GREEN,GREEN,GREEN,0,2,1,0,12.0,,,IGHV1-3*01,IGKV1-39*01,1,1
AJN67464_AJN67467,Patent text,GO,28.71,21.715,,51.0,177.316,0.16,0.0,0.0,GREEN,GREEN,GREEN,GREEN,GREEN,0,1,1,0,7.0,,,IGHV1-2*02,IGKV2-28*01,1,1
QFP26064_QFP26068,Patent text,NO-GO,44.38,27.376,,43.0,181.209,0.0,0.0,12.0,AMBER,GREEN,GREEN,GREEN,GREEN,2.0,3,0,0,15.0,,,IGHV3-21*01,IGKV1-27*01,1,1
UCY51525_UCY51528,Patent text,NO-GO,52.91,35.913,,57.0,167.813,0.616,0.0,0.0,AMBER,GREEN,GREEN,GREEN,GREEN,2.0,3,0,0,15.0,,,IGHV3-23*04,IGKV2-28*01,1,1
QXD47938_QXD47988,Patent text,NO-GO,,38.862,,51.0,178.439,0.0,0.101,-1.8,GREEN,GREEN,GREEN,GREEN,GREEN,0,2,0,0,10.0,,,IGHV3-33*01,IGKV3-20*01,1,1
WON51798_WON51802,Patent text,NO-GO,46.67,31.673,,61.0,203.429,0.0,9.99,69.42,AMBER,AMBER,GREEN,RED,GREEN,10.0,1,0,0,5.0,,,IGHV3-23*01,IGLV3-25*02,1,1
AJO52606_AJO52576,Patent text,NO-GO,61.13,40.134,,56.0,162.742,1.202,2.491,-0.0,AMBER,GREEN,AMBER,AMBER,GREEN,6.0,3,0,0,15.0,,,IGHV3-30*02,IGLV3-25*02,1,1
WON35155_WON35152,Patent text,NO-GO,45.69,30.692,,54.0,150.833,0.113,0.0,10.71,GREEN,GREEN,GREEN,GREEN,GREEN,0,3,0,0,15.0,,,IGHV3-21*08,IGKV1-39*01,1,1
XEF76972_XEF77004,Patent text,NO-GO,51.06,39.056,,51.0,214.881,0.0,0.0,0.2,GREEN,AMBER,GREEN,GREEN,GREEN,2.0,2,0,0,10.0,,,IGHV3-23*02,IGLV1-51*01,1,1
WFR16760_WFR16813,Patent text,GO,29.35,17.35,,42.0,166.341,0.897,0.0,6.3,AMBER,GREEN,GREEN,GREEN,GREEN,2.0,2,0,0,10.0,,,IGHV1-46*01,IGKV3-20*01,1,1
QPY69774_QPY69775,Patent text,NO-GO,58.34,40.343,,49.0,180.468,0.04,0.101,0.22,GREEN,GREEN,GREEN,GREEN,GREEN,0,3,0,1,18.0,,,IGHV7-4-1*02,IGKV4-1*01,1,1
QRJ91538_QRJ91494,Patent text,CONDITIONAL,38.68,33.679,,48.0,189.864,0.0,0.187,0.0,GREEN,GREEN,GREEN,GREEN,GREEN,0,1,0,0,5.0,,,IGHV1-18*01,IGLV3-25*02,1,1
WIS44534_WIS44533,Patent text,NO-GO,,40.954,,55.0,182.197,0.073,0.0,8.61,AMBER,GREEN,GREEN,GREEN,GREEN,2.0,3,1,0,17.0,,,IGHV3-74*03,IGKV4-1*01,1,1
QXD47938_QXD47982,Patent text,NO-GO,,29.323,,51.0,196.33,0.0,0.1,-1.8,GREEN,GREEN,GREEN,GREEN,GREEN,0,2,0,0,10.0,,,IGHV3-33*01,IGKV3-20*01,1,1
QPX83414_QPX83408,Patent text,NO-GO,49.96,37.959,,54.0,175.307,0.387,0.237,-4.0,GREEN,GREEN,GREEN,GREEN,GREEN,0,2,1,0,12.0,,,IGHV3-66*01,IGKV1-5*01,1,1
WYF29742_WYF29745,Patent text,CONDITIONAL,34.11,34.111,,45.0,169.125,0.0,0.0,4.0,GREEN,GREEN,GREEN,GREEN,GREEN,0,0,0,0,0,,,IGHV4-4*08,IGKV3-11*01,1,1
XEF10564_XEF10565,Patent text,NO-GO,44.23,35.23,,51.0,212.981,1.471,0.216,0.0,GREEN,AMBER,AMBER,GREEN,GREEN,4.0,1,0,0,5.0,,,IGHV4-59*01,IGLV3-1*01,1,1
AUF47628_H_AUF47629_L,Patent text,NO-GO,43.94,34.939,,49.0,170.438,0.0,0.281,3.1,GREEN,GREEN,GREEN,GREEN,GREEN,0,1,2,0,9.0,,,IGHV1-2*02,IGKV1-27*01,1,1
QPY51154_QPY51159,Patent text,CONDITIONAL,34.5,19.495,,49.0,162.761,0.364,0.0,12.71,GREEN,GREEN,GREEN,GREEN,GREEN,0,3,0,0,15.0,,,IGHV3-15*07,IGKV3-15*01,1,1
WPT34108_WPT34113,Patent text,GO,19.95,19.949,,48.0,154.833,0.12,0.059,9.0,GREEN,GREEN,GREEN,GREEN,GREEN,0,0,0,0,0,,,IGHV1-69*01,IGKV3-15*01,1,1
XEF76943_XEF77001,Patent text,NO-GO,,30.861,,52.0,172.629,0.0,0.64,0.0,GREEN,GREEN,GREEN,GREEN,GREEN,0,1,0,0,5.0,,,IGHV3-66*01,IGLV3-19*01,1,1
XEF76954_XEF77001,Patent text,CONDITIONAL,35.24,30.238,,52.0,180.525,0.0,0.575,0.0,GREEN,GREEN,GREEN,GREEN,GREEN,0,1,0,0,5.0,,,IGHV3-66*01,IGLV3-19*01,1,1
QXD47945_QXD47988,Patent text,CONDITIONAL,33.98,33.975,,51.0,176.348,1.175,0.0,8.0,GREEN,GREEN,GREEN,GREEN,GREEN,0,0,0,0,0,,,IGHV3-33*01,IGKV3-20*01,1,1
WFJ33976_WFJ33975,Patent text,NO-GO,42.03,30.028,,46.0,168.474,1.15,1.115,1.9,GREEN,GREEN,GREEN,GREEN,GREEN,0,2,1,0,12.0,,,IGHV3-30*01,IGLV3-25*02,1,1
QFN62620_QFN62621,Patent text,CONDITIONAL,37.98,30.979,,43.0,157.703,0.0,0.0,4.0,AMBER,GREEN,GREEN,GREEN,GREEN,2.0,1,0,0,5.0,,,IGHV3-23*01,IGKV1-39*01,1,1
UOS92906_UOS92939,Patent text,GO,21.02,21.019,,48.0,167.753,1.129,0.0,12.6,GREEN,GREEN,GREEN,GREEN,GREEN,0,0,0,0,0,,,IGHV4-39*01,IGKV3-20*01,1,1
UCX22885_UCX22890,Patent text,NO-GO,46.6,34.598,,42.0,167.292,0.0,0.341,0.0,AMBER,GREEN,GREEN,GREEN,GREEN,2.0,2,0,0,10.0,,,IGHV3-74*01,IGKV3-20*01,1,1
AFC06292_AFC06298,Patent text,NO-GO,56.35,39.351,,52.0,191.438,0.058,1.58,-3.8,GREEN,GREEN,GREEN,GREEN,GREEN,0,3,1,0,17.0,,,IGHV3-30*18,IGLV3-21*02,1,1
AJL99738_AJL99739,Patent text,CONDITIONAL,35.91,28.911,,52.0,162.634,1.238,0.132,12.0,GREEN,GREEN,AMBER,GREEN,GREEN,2.0,1,0,0,5.0,,,IGHV3-11*01,IGKV1-17*01,1,1
WQB10191_WQB10217,Patent text,NO-GO,54.27,27.268,,45.0,162.419,1.124,0.71,-10.2,GREEN,GREEN,GREEN,GREEN,AMBER,2.0,5,0,0,25.0,,,IGHV1-69*01,IGKV1D-7-1*01,1,1
WIS43966_WIS43965,Patent text,NO-GO,55.94,41.939,,46.0,203.837,1.302,0.0,2.2,GREEN,AMBER,AMBER,GREEN,GREEN,4.0,2,0,0,10.0,,,IGHV3-53*01,IGLV3-19*01,1,1
XEF76983_XEF77000,Patent text,NO-GO,61.7,43.702,,52.0,226.815,0.037,1.058,6.0,GREEN,RED,GREEN,GREEN,GREEN,6.0,2,1,0,12.0,,,IGHV3-23*03,IGKV1-12*01,1,1
QCA96599_QCA96597,Patent text,NO-GO,53.03,41.026,,46.0,138.418,0.0,1.269,1.0,GREEN,GREEN,GREEN,GREEN,GREEN,0,2,1,0,12.0,,,IGHV3-23*03,IGKV1-6*01,1,1
ACW20455_ACW20630,Patent text,NO-GO,44.85,25.846,,47.0,152.72,0.153,0.0,0.21,GREEN,GREEN,GREEN,GREEN,GREEN,0,3,2,0,19.0,,,IGHV3-72*01,IGKV6-21*01,1,1
UOS92901_UOS92940,Patent text,GO,25.98,20.981,,48.0,163.344,0.0,0.0,0.0,GREEN,GREEN,GREEN,GREEN,GREEN,0,1,0,0,5.0,,,IGHV4-39*01,IGKV3-20*01,1,1
AJN57686_AJN57687,Patent text,NO-GO,,30.26,,,,,,,,,,,,0.0,0,0,0,0,,,IGHV3-66*01,IGKV6-21*01,0,0
QRK67954_QRK67965,Patent text,CONDITIONAL,36.08,25.082,,41.0,151.936,0.0,0.0,2.0,AMBER,GREEN,GREEN,GREEN,GREEN,2.0,1,2,0,9.0,,,IGHV1-46*01,IGKV1-39*01,1,1
ADL90521_ADL90611,Patent text,CONDITIONAL,36.07,29.068,,52.0,180.289,0.101,0.0,4.0,GREEN,GREEN,GREEN,GREEN,GREEN,0,1,1,0,7.0,,,IGHV3-33*01,IGKV1-39*01,1,1
UOS92905_UOS92932,Patent text,CONDITIONAL,37.24,27.239,,48.0,150.636,0.0,0.0,-3.69,GREEN,GREEN,GREEN,GREEN,GREEN,0,2,0,0,10.0,,,IGHV4-39*01,IGKV3-20*01,1,1
AZJ63367_AZJ63368,Patent text,CONDITIONAL,34.48,27.484,,46.0,161.773,0.516,0.0,30.5,GREEN,GREEN,GREEN,GREEN,GREEN,0,1,1,0,7.0,,,IGHV3-73*01,IGKV1-17*01,1,1
AZJ92474_AZJ92475,Patent text,NO-GO,48.68,43.678,,51.0,160.464,0.0,0.819,0.0,GREEN,GREEN,GREEN,GREEN,GREEN,0,1,0,0,5.0,,,IGHV3-66*01,IGKV1-5*01,1,1
QPW85439_QPW85547,Patent text,CONDITIONAL,32.8,32.801,,48.0,167.143,0.688,0.0,5.0,GREEN,GREEN,GREEN,GREEN,GREEN,0,0,0,0,0,,,IGHV4-4*07,IGLV1-44*01,1,1
AYH67412_AYH67413,Patent text,GO,30.21,25.208,,45.0,169.11,0.0,0.135,0.0,GREEN,GREEN,GREEN,GREEN,GREEN,0,1,0,0,5.0,,,IGHV3-23*01,IGKV1-39*01,1,1
QCA98994_QCA98999,Patent text,CONDITIONAL,32.39,28.394,,50.0,172.123,0.108,0.149,0.0,GREEN,GREEN,GREEN,GREEN,GREEN,0,0,2,0,4.0,,,IGHV1-3*01,IGKV4-1*01,1,1
AYH97992_AYH97996,Patent text,NO-GO,42.8,32.797,,49.0,163.435,0.0,0.0,0.0,GREEN,GREEN,GREEN,GREEN,GREEN,0,2,0,0,10.0,,,IGHV1-2*02,IGKV2-28*01,1,1
WFR17485_WFR17476,Patent text,NO-GO,40.11,25.107,,47.0,175.022,0.0,0.0,0.0,GREEN,GREEN,GREEN,GREEN,GREEN,0,3,0,0,15.0,,,IGHV3-23*03,IGLV3-25*02,1,1
WIO25623_WIO25652,Patent text,NO-GO,43.22,23.218,,49.0,184.489,0.045,0.0,4.41,GREEN,GREEN,GREEN,GREEN,GREEN,0,4,0,0,20.0,,,IGHV1-69*01,IGKV3-20*01,1,1
AVC62302_AVC62304,Patent text,NO-GO,50.06,33.055,,43.0,155.262,0.05,0.11,0.0,AMBER,GREEN,GREEN,GREEN,GREEN,2.0,3,0,0,15.0,,,IGHV3-48*01,IGKV1D-16*01,1,1
WON36038_WON36071,Patent text,NO-GO,40.74,28.737,,50.0,167.924,0.075,0.101,4.4,GREEN,GREEN,GREEN,GREEN,GREEN,0,2,1,0,12.0,,,IGHV4-4*08,IGKV3-11*01,1,1
UOS92925_UOS92933,Patent text,CONDITIONAL,37.39,27.392,,47.0,155.973,0.112,0.0,3.41,GREEN,GREEN,GREEN,GREEN,GREEN,0,2,0,0,10.0,,,IGHV3-23*01,IGKV3-20*01,1,1
UCX08233_UCX08235,Patent text,CONDITIONAL,31.95,26.948,,47.0,183.987,0.0,0.0,0.0,GREEN,GREEN,GREEN,GREEN,GREEN,0,1,0,0,5.0,,,IGHV3-23*01,IGLV1-44*01,1,1
AJL01228_AJL01229,Patent text,NO-GO,47.3,24.296,,50.0,155.743,0.107,0.0,8.0,GREEN,GREEN,GREEN,GREEN,GREEN,0,4,0,1,23.0,,,IGHV3-23*04,IGKV1-39*01,1,1
WFR17449_WFR17494,Patent text,NO-GO,,25.019,,,,,,,,,,,,0.0,2,0,0,10.0,,,IGHV3-23*03,IGLV3-25*02,0,1
QYQ63264_QYQ63265,Patent text,NO-GO,43.18,27.178,,51.0,180.475,0.57,0.556,-12.0,GREEN,GREEN,GREEN,GREEN,AMBER,2.0,2,2,0,14.0,,,IGHV3-64*04,IGKV1-5*01,1,1
AFX11306_AFX11353,Patent text,NO-GO,49.81,37.806,,50.0,174.915,0.047,0.0,4.4,GREEN,GREEN,GREEN,GREEN,GREEN,0,2,1,0,12.0,,,IGHV3-23*01,IGKV1-5*03,1,1
AHD30549_AHD30574,Patent text,NO-GO,50.05,33.046,,45.0,141.749,0.0,0.239,-3.0,GREEN,GREEN,GREEN,GREEN,GREEN,0,3,1,0,17.0,,,IGHV1-18*01,IGKV1-12*01,1,1
UCY66767_UCY66769,Patent text,NO-GO,49.83,29.825,,49.0,156.507,0.0,1.419,0.0,GREEN,GREEN,GREEN,GREEN,GREEN,0,4,0,0,20.0,,,IGHV3-11*01,IGKV1D-7-1*01,1,1
AWT73947_AWT73948,Patent text,GO,30.76,23.761,,47.0,158.053,0.0,0.096,0.0,GREEN,GREEN,GREEN,GREEN,GREEN,0,1,1,0,7.0,,,IGHV1-3*01,IGKV2-30*01,1,1
QTW38328_QTW38329,Patent text,CONDITIONAL,33.26,24.259,,46.0,144.784,0.206,0.0,12.0,GREEN,GREEN,GREEN,GREEN,GREEN,0,1,2,0,9.0,,,IGHV1-2*02,IGKV1-39*01,1,1
AGO80667_AGO80668,Patent text,NO-GO,64.21,31.206,,48.0,144.665,0.099,0.38,-4.5,GREEN,GREEN,GREEN,GREEN,AMBER,2.0,5,0,2,31.0,,,IGHV3-9*01,IGKV1-27*01,1,1
QRK72486_QRK72503,Patent text,NO-GO,48.45,28.452,,49.0,168.844,0.0,0.0,0.0,GREEN,GREEN,GREEN,GREEN,GREEN,0,4,0,0,20.0,,,IGHV1-46*01,IGKV3-20*01,1,1
AHD30551_AHD30574,Patent text,NO-GO,52.17,33.167,,45.0,147.158,0.0,0.361,-12.0,GREEN,GREEN,GREEN,GREEN,AMBER,2.0,3,1,0,17.0,,,IGHV1-18*01,IGKV1-12*01,1,1
QHX89537_QHX89538,Patent text,NO-GO,45.82,33.818,,51.0,208.196,1.133,0.0,12.3,GREEN,AMBER,GREEN,GREEN,GREEN,2.0,2,0,0,10.0,,,IGHV1-3*01,IGLV1-44*01,1,1
QHZ10875_QHZ10879,Patent text,CONDITIONAL,32.2,25.203,,51.0,216.462,0.609,0.0,5.5,GREEN,AMBER,GREEN,GREEN,GREEN,2.0,1,0,0,5.0,,,IGHV6-1*01,IGKV1-39*01,1,1
UCY67275_UCY67308,Patent text,GO,30.57,30.573,,49.0,164.271,0.0,0.354,0.0,GREEN,GREEN,GREEN,GREEN,GREEN,0,0,0,0,0,,,IGHV3-23*01,IGKV3-20*01,1,1
ATK57790_ATK57792,Patent text,NO-GO,41.5,36.495,,46.0,184.712,1.117,0.657,1.1,GREEN,GREEN,GREEN,GREEN,GREEN,0,1,0,0,5.0,,,IGHV3-23*04,IGLV3-1*01,1,1
XEF76237_XEF76255,Patent text,NO-GO,50.49,28.491,,49.0,142.602,0.0,0.0,2.0,GREEN,GREEN,GREEN,GREEN,GREEN,0,4,1,0,22.0,,,IGHV1-46*01,IGKV3-20*01,1,1
AED79536_AED79518,Patent text,CONDITIONAL,36.35,24.352,,49.0,170.637,0.191,0.0,12.0,GREEN,GREEN,GREEN,GREEN,GREEN,0,2,1,0,12.0,,,IGHV2-5*09,IGKV1-12*01,1,1
QCA98984_QCA98989,Patent text,CONDITIONAL,32.13,28.13,,50.0,175.187,0.23,0.694,0.0,GREEN,GREEN,GREEN,GREEN,GREEN,0,0,2,0,4.0,,,IGHV1-3*01,IGKV4-1*01,1,1
WVS66473_WVS66581,Patent text,CONDITIONAL,37.98,37.979,,49.0,148.512,0.0,0.0,4.0,GREEN,GREEN,GREEN,GREEN,GREEN,0,0,0,0,0,,,IGHV2-5*02,IGKV3-20*01,1,1
AJM32563_AJM32567,Patent text,CONDITIONAL,35.06,28.061,,57.0,192.415,0.034,0.623,-3.19,AMBER,GREEN,GREEN,GREEN,GREEN,2.0,1,0,0,5.0,,,IGHV1-24*01,IGKV2-28*01,1,1
QHX11169_QHX11165,Patent text,NO-GO,49.49,37.491,,55.0,164.69,0.0,0.0,2.0,AMBER,GREEN,GREEN,GREEN,GREEN,2.0,2,0,0,10.0,,,IGHV4-38-2*02,IGKV2-28*01,1,1
WIS43950_WIS43949,Patent text,NO-GO,46.52,26.52,,54.0,175.501,0.0,0.107,-3.0,GREEN,GREEN,GREEN,GREEN,GREEN,0,4,0,0,20.0,,,IGHV3-30*18,IGKV1-33*01,1,1
QXD47936_QXD47985,Patent text,CONDITIONAL,33.96,28.965,,51.0,191.363,0.035,1.344,0.2,GREEN,GREEN,GREEN,GREEN,GREEN,0,1,0,0,5.0,,,IGHV3-33*01,IGKV3-20*01,1,1
XEF82466_XEF82455,Patent text,NO-GO,54.74,35.742,,57.0,192.198,0.008,0.108,0.42,AMBER,GREEN,GREEN,GREEN,GREEN,2.0,3,1,0,17.0,,,IGHV1-46*01,IGLV2-8*01,1,1
AOH92976_AOH92978,Patent text,NO-GO,61.07,42.066,,56.0,192.557,0.079,1.405,-1.6,AMBER,GREEN,GREEN,GREEN,GREEN,2.0,3,1,0,17.0,,,IGHV2-70*04,IGKV3-11*01,1,1
UOS92924_UOS92934,Patent text,CONDITIONAL,35.14,25.141,,46.0,169.71,0.013,0.0,2.2,GREEN,GREEN,GREEN,GREEN,GREEN,0,2,0,0,10.0,,,IGHV3-11*01,IGKV3-20*01,1,1
QFN28459_QFN28495,Patent text,NO-GO,74.2,41.195,,55.0,175.247,0.228,0.126,0.2,AMBER,GREEN,GREEN,GREEN,GREEN,2.0,5,3,0,31.0,,,IGHV3-23*01,IGKV1-13*02,1,1
AQN64925_AQN64919,Patent text,NO-GO,55.96,41.96,,47.0,196.142,0.0,2.348,-2.9,GREEN,GREEN,GREEN,AMBER,GREEN,2.0,2,1,0,12.0,,,IGHV3-23*01,IGLV3-1*01,1,1
AYJ11016_AYJ11030,Patent text,NO-GO,42.29,28.288,,55.0,182.12,0.0,0.0,2.0,AMBER,GREEN,GREEN,GREEN,GREEN,2.0,2,1,0,12.0,,,IGHV3-21*01,IGLV1-40*02,1,1
AAN22145_AAN22159,Patent text,NO-GO,44.45,32.448,,54.0,189.786,0.0,0.096,6.0,GREEN,GREEN,GREEN,GREEN,GREEN,0,2,1,0,12.0,,,IGHV4-30-2*07,IGKV1-39*01,1,1
WOL46669_WOL46686,Patent text,CONDITIONAL,31.72,29.724,,55.0,199.516,0.004,0.0,13.2,AMBER,GREEN,GREEN,GREEN,GREEN,2.0,0,0,0,0,,,IGHV4-31*02,IGKV3-15*01,1,1
WZE43400_WZE43338,Patent text,CONDITIONAL,39.76,27.764,,46.0,191.709,0.0,0.0,-0.0,GREEN,GREEN,GREEN,GREEN,GREEN,0,2,1,0,12.0,,,IGHV3-66*01,IGLV3-25*02,1,1
QPT61587_QPT61591,Patent text,NO-GO,46.31,34.315,,53.0,208.15,0.385,0.0,6.0,GREEN,AMBER,GREEN,GREEN,GREEN,2.0,2,0,0,10.0,,,IGHV3-23*01,IGLV3-1*01,1,1
QTW10553_QTW10554,Patent text,CONDITIONAL,38.02,21.017,,48.0,131.857,0.0,0.589,3.3,GREEN,AMBER,GREEN,GREEN,GREEN,2.0,3,0,0,15.0,,,IGHV1-69*02,IGKV1-12*01,1,1
AGU04978_AGU05010,Patent text,NO-GO,47.07,45.072,,51.0,193.069,0.0,1.315,1.0,GREEN,GREEN,GREEN,GREEN,GREEN,0,0,1,0,2.0,,,IGHV3-9*01,IGLV3-19*01,1,1
QCB71991_QCB72005,Patent text,NO-GO,43.48,31.478,,49.0,130.061,0.085,0.0,8.4,GREEN,AMBER,GREEN,GREEN,GREEN,2.0,2,0,0,10.0,,,IGHV1-69*01,IGKV2-30*01,1,1
ATJ75435_ATJ75439,Patent text,NO-GO,46.66,29.663,,47.0,167.345,0.0,0.0,4.0,GREEN,GREEN,GREEN,GREEN,GREEN,0,3,1,0,17.0,,,IGHV3-21*01,IGKV1-5*03,1,1
UGP63725_UGP63724,Patent text,NO-GO,63.0,35.003,,48.0,184.352,0.0,4.104,-12.0,GREEN,GREEN,GREEN,RED,AMBER,8.0,4,0,0,20.0,,,IGHV1-46*01,IGKV1-33*01,1,1
XEF76948_XEF77014,Patent text,NO-GO,43.41,28.41,,52.0,172.426,0.0,0.0,0.0,GREEN,GREEN,GREEN,GREEN,GREEN,0,3,0,0,15.0,,,IGHV3-66*01,IGKV1-12*01,1,1
WIO25649_WIO25665,Patent text,CONDITIONAL,39.4,32.402,,55.0,180.88,0.0,0.0,6.0,AMBER,GREEN,GREEN,GREEN,GREEN,2.0,1,0,0,5.0,,,IGHV3-33*01,IGKV3-15*01,1,1
QHZ72245_QHZ72258,Patent text,NO-GO,43.79,33.792,,46.0,166.641,0.0,0.151,-2.7,GREEN,GREEN,GREEN,GREEN,GREEN,0,2,0,0,10.0,,,IGHV3-30*03,IGLV1-44*01,1,1
UOL55415_UOL55416,Patent text,NO-GO,42.99,30.99,,54.0,185.842,0.125,0.0,9.0,GREEN,GREEN,GREEN,GREEN,GREEN,0,2,1,0,12.0,,,IGHV3-7*01,IGKV3-15*01,1,1
AUF31459_AUF31460,Patent text,NO-GO,46.82,41.825,,46.0,189.459,0.0,0.0,16.4,GREEN,GREEN,GREEN,GREEN,GREEN,0,1,0,0,5.0,,,IGHV2-5*01,IGKV2-30*01,1,1
QWX79090_QWX79091,Patent text,NO-GO,63.21,44.214,,47.0,168.706,0.341,0.0,-4.2,GREEN,GREEN,GREEN,GREEN,GREEN,0,3,2,0,19.0,,,IGHV3-49*04,IGKV1-5*03,1,1
AUE89590_AUE89578,Patent text,NO-GO,45.29,33.288,,51.0,198.84,0.0,0.0,0.0,GREEN,GREEN,GREEN,GREEN,GREEN,0,2,1,0,12.0,,,IGHV3-48*01,IGLV1-47*01,1,1
UOS82304_UOS82299,Patent text,NO-GO,41.41,24.407,,50.0,177.962,1.126,0.0,0.93,GREEN,GREEN,GREEN,GREEN,GREEN,0,3,1,0,17.0,,,IGHV4-4*08,IGLV2-14*02,1,1
WYJ01844_WYJ01846,Patent text,CONDITIONAL,37.55,32.549,,47.0,152.571,0.0,0.0,12.0,GREEN,GREEN,GREEN,GREEN,GREEN,0,1,0,0,5.0,,,IGHV3-33*01,IGKV3-15*01,1,1
AYI33094_AYI33093,Patent text,CONDITIONAL,37.03,25.028,,53.0,194.044,1.798,0.611,12.3,GREEN,GREEN,AMBER,GREEN,GREEN,2.0,2,0,0,10.0,,,IGHV3-48*03,IGKV4-1*01,1,1
AZK02804_AZK02805,Patent text,NO-GO,60.44,46.443,,59.0,193.12,0.344,0.197,10.54,AMBER,GREEN,GREEN,GREEN,GREEN,2.0,1,2,1,12.0,,,IGHV4-4*02,IGKV2-24*01,1,1
AVY90442_AVY90450,Patent text,NO-GO,43.91,36.912,,44.0,168.641,0.197,0.067,9.3,GREEN,GREEN,GREEN,GREEN,GREEN,0,1,1,0,7.0,,,IGHV3-15*01,IGKV1-39*01,1,1
AVY47012_AVY47010,Patent text,GO,28.93,21.932,,49.0,153.365,0.545,0.0,15.6,GREEN,GREEN,GREEN,GREEN,GREEN,0,1,1,0,7.0,,,IGHV1-69*01,IGKV3-15*01,1,1
WIO25631_WIO25657,Patent text,CONDITIONAL,35.6,25.603,,49.0,172.364,0.0,0.0,6.3,GREEN,GREEN,GREEN,GREEN,GREEN,0,2,0,0,10.0,,,IGHV1-69*01,IGKV3-20*01,1,1
AGA47713_AGA47754,Patent text,NO-GO,43.24,29.237,,43.0,143.628,1.299,0.0,5.0,AMBER,GREEN,AMBER,GREEN,GREEN,4.0,2,0,0,10.0,,,IGHV3-23*01,IGKV1-39*01,1,1
AUF53929_AUF53928,Patent text,NO-GO,48.87,32.869,,46.0,142.182,0.0,1.321,-8.0,GREEN,GREEN,GREEN,GREEN,AMBER,2.0,2,2,0,14.0,,,IGHV1-3*01,IGKV1-12*01,1,1
ABY17078_ABY17079,Patent text,NO-GO,51.65,39.655,,55.0,150.473,0.149,0.0,6.3,AMBER,GREEN,GREEN,GREEN,GREEN,2.0,2,0,0,10.0,,,IGHV3-15*01,IGKV2-28*01,1,1
QRM10853_QRM10854,Patent text,NO-GO,44.73,25.727,,44.0,164.036,0.0,0.0,4.0,GREEN,GREEN,GREEN,GREEN,GREEN,0,3,2,0,19.0,,,IGHV3-21*08,IGKV3-11*01,1,1
UOS75577_UOS75593,Patent text,NO-GO,41.97,29.972,,52.0,178.134,0.236,0.0,15.81,GREEN,GREEN,GREEN,GREEN,GREEN,0,2,1,0,12.0,,,IGHV3-21*01,IGKV3-20*01,1,1
UOJ63986_UOJ64007,Patent text,NO-GO,44.96,32.961,,52.0,179.347,0.044,0.275,2.31,GREEN,GREEN,GREEN,GREEN,GREEN,0,2,1,0,12.0,,,IGHV5-10-1*01,IGKV3-20*01,1,1
ADF08750_ADF08754,Patent text,NO-GO,53.16,38.157,,45.0,161.331,0.0,0.0,3.0,GREEN,GREEN,GREEN,GREEN,GREEN,0,3,0,0,15.0,,,IGHV4-34*12,IGKV1-13*02,1,1
XEF76949_XEF77002,Patent text,CONDITIONAL,39.9,24.899,,52.0,196.705,0.0,0.0,3.0,GREEN,GREEN,GREEN,GREEN,GREEN,0,3,0,0,15.0,,,IGHV3-66*01,IGLV3-21*03,1,1
QFO44011_QFO43800,Patent text,NO-GO,42.85,30.852,,55.0,149.313,0.0,0.0,10.0,AMBER,GREEN,GREEN,GREEN,GREEN,2.0,2,0,0,10.0,,,IGHV3-66*01,IGKV1-39*01,1,1
ACK08525_ACK08482,Patent text,CONDITIONAL,34.48,28.478,,56.0,214.441,0.0,0.093,2.2,AMBER,AMBER,GREEN,GREEN,GREEN,4.0,0,1,0,2.0,,,IGHV1-2*02,IGLV2-14*03,1,1
QRL74890_QRL74891,Patent text,GO,29.69,24.692,,48.0,165.055,0.0,0.311,-2.7,GREEN,GREEN,GREEN,GREEN,GREEN,0,1,0,0,5.0,,,IGHV3-23*01,IGKV3-20*01,1,1
QNB63453_QNB63467,Patent text,NO-GO,,62.724,,,,,,,,,,,,0.0,3,1,0,17.0,,,IGHV4-34*01,IGLV1-51*01,0,1
AVA89872_AVA89873,Patent text,CONDITIONAL,34.41,29.412,,48.0,166.74,0.0,0.0,6.1,GREEN,GREEN,GREEN,GREEN,GREEN,0,1,0,0,5.0,,,IGHV4-31*02,IGKV3-20*01,1,1
QCA60490_QCA60500,Patent text,NO-GO,48.21,36.206,,52.0,202.508,0.553,0.0,4.0,GREEN,AMBER,GREEN,GREEN,GREEN,2.0,2,0,0,10.0,,,IGHV3-15*07,IGLV1-44*01,1,1
WIO10542_WIO10546,Patent text,NO-GO,49.16,32.163,,43.0,168.246,0.073,0.0,8.0,AMBER,GREEN,GREEN,GREEN,GREEN,2.0,3,0,0,15.0,,,IGHV4-4*08,IGKV1D-7-1*01,1,1
