candidate_id,pairing,triage_level,triage_name,cdr_repairs,framework_repairs,total_score,tier1_score,error,flag_sequence_sanity,flag_cysteine_pairing,flag_n_glycosylation,flag_ptm_liability,flag_v_domain_integrity,flag_poly_residue_run,flag_aggregation,flag_charge,flag_humanness,flag_disulfide_pairing,flag_immunogenicity,flag_immunogenicity_observed,flag_tap_cdr_length,flag_tap_psh,flag_tap_ppc,flag_tap_pnc,flag_tap_sfvcsp,model_conf_max,model_conf_mean,vh_germline_identity,tap_total,tap_hydrophobic,tap_positive,tap_negative,tap_sfvcsp,tap_flag_total,tap_flag_hydrophobic,tap_flag_positive,tap_flag_negative,tap_flag_sfvcsp,tap_weight,n_immuno_cdr,n_immuno_framework,n_immuno_observed,immuno_weight,n_predicted_binders,n_dropped_germline,vh_v_gene,vl_v_gene,structure_available,immunogenicity_available
Izastobart,TheraSAbDab,2,Rework,2,5,25.48,25.482,,0,0,0,1,0,0,1,0,0,0,1,0,0,0,0,0,0,,,0.91,49.0,185.11,0.168,0.0,12.71,GREEN,GREEN,GREEN,GREEN,GREEN,0,1,0,0,0.0,,,IGHV3-15*01,IGLV1-44*04,1,1
Tamgiblimab,TheraSAbDab,1,Ready,0,5,19.41,19.407,,0,0,0,1,0,0,1,0,0,0,1,0,0,0,0,0,0,,,0.9592,49.0,178.035,0.098,0.0,15.3,GREEN,GREEN,GREEN,GREEN,GREEN,0,2,0,0,0.0,,,IGHV1-46*01,IGKV1-12*01,1,1
Petosemtamab_2,TheraSAbDab,4,Hold,0,0,40.7,40.705,,0,1,0,1,0,0,1,1,0,1,1,0,0,0,0,0,0,,,0.9286,54.0,175.163,0.0,0.072,9.0,GREEN,GREEN,GREEN,GREEN,GREEN,0,0,1,0,0.0,,,IGHV7-4-1*01,IGKV1-39*01,1,1
Conatumumab,TheraSAbDab,2,Rework,2,0,27.01,27.014,,0,0,0,1,0,0,1,0,0,0,1,0,0,0,0,0,0,,,0.9192,50.0,165.303,0.001,0.0,8.4,GREEN,GREEN,GREEN,GREEN,GREEN,0,1,1,0,0.0,,,IGHV4-30-2*07,IGKV3-20*01,1,1
Micvotabart,TheraSAbDab,1,Ready,0,6,23.84,23.843,,0,0,0,1,0,1,1,0,0,0,1,0,0,0,0,0,0,,,0.9388,44.0,183.099,0.0,0.0,3.0,GREEN,GREEN,GREEN,GREEN,GREEN,0,1,0,0,0.0,,,IGHV3-23*01,IGKV3-20*01,1,1
Lutikizumab,TheraSAbDab,1,Ready,0,8,25.76,25.758,,0,0,0,1,0,0,1,0,0,0,1,0,0,0,0,0,0,,,0.8163,46.0,170.227,0.035,0.0,6.51,GREEN,GREEN,GREEN,GREEN,GREEN,0,3,2,0,0.0,,,IGHV3-30*01,IGKV1-33*01,1,1
Anbenitamab,TheraSAbDab,3,Immune risk,0,0,28.54,28.54,,0,0,0,1,0,0,1,0,1,0,1,0,0,0,0,0,0,,,0.7755,46.0,165.54,0.0,0.0,12.0,GREEN,GREEN,GREEN,GREEN,GREEN,0,4,0,0,0.0,,,IGHV3-23*04,IGKV1-39*01,1,1
Drotokibart,TheraSAbDab,2,Rework,1,5,27.95,27.947,,0,0,0,1,0,0,1,0,0,0,1,0,0,0,0,0,0,,,0.8878,46.0,174.291,1.165,0.0,4.0,GREEN,GREEN,GREEN,GREEN,GREEN,0,2,0,0,0.0,,,IGHV3-48*01,IGKV3-11*01,1,1
Greziprubart,TheraSAbDab,1,Ready,0,7,19.87,19.873,,0,0,0,1,0,0,1,0,0,0,1,0,0,0,0,0,0,,,0.87,51.0,179.174,0.111,0.061,1.1,GREEN,GREEN,GREEN,GREEN,GREEN,0,1,0,0,0.0,,,IGHV3-72*01,IGKV2-28*01,1,1
Perenostobart,TheraSAbDab,1,Ready,0,3,16.82,16.822,,0,0,0,1,0,0,1,0,0,0,0,0,0,0,0,0,0,,,0.9592,48.0,142.853,0.119,0.0,12.0,GREEN,GREEN,GREEN,GREEN,GREEN,0,0,0,0,0,,,IGHV1-69*01,IGKV3-15*01,1,1
Urtoxazumab,TheraSAbDab,1,Ready,0,5,21.25,21.249,,0,0,0,1,0,0,1,0,0,0,1,0,0,0,0,0,0,,,0.9082,46.0,152.044,0.0,0.0,4.0,GREEN,GREEN,GREEN,GREEN,GREEN,0,3,0,0,0.0,,,IGHV3-7*01,IGKV3-11*01,1,1
Zamubafusp,TheraSAbDab,2,Rework,2,2,35.54,33.536,,0,0,0,1,0,0,1,1,0,0,1,1,1,0,0,0,0,,,0.8247,43.0,168.22,0.149,0.0,0.0,AMBER,GREEN,GREEN,GREEN,GREEN,2.0,1,1,1,0.0,,,IGHV4-4*08,IGKV2-30*01,1,1
Brenetafusp,TheraSAbDab,3,Immune risk,0,0,33.45,33.455,,0,0,0,1,0,0,1,0,1,0,1,0,0,0,0,0,0,,,0.7551,49.0,185.358,0.504,0.0,9.0,GREEN,GREEN,GREEN,GREEN,GREEN,0,4,0,0,0.0,,,IGHV3-23*04,IGKV1D-7-1*01,1,1
Englumafusp,TheraSAbDab,2,Rework,1,5,25.34,23.34,,0,0,0,1,0,0,1,0,0,0,1,0,0,0,1,0,0,,,0.8878,53.0,161.224,1.499,0.671,2.0,GREEN,GREEN,AMBER,GREEN,GREEN,2.0,2,0,0,0.0,,,IGHV1-2*02,IGKV2-29*02,1,1
Latikafusp,TheraSAbDab,2,Rework,1,6,23.78,21.776,,0,0,0,1,0,0,1,0,0,0,1,0,0,0,1,0,0,,,0.9082,50.0,179.026,1.26,0.119,2.2,GREEN,GREEN,AMBER,GREEN,GREEN,2.0,3,1,0,0.0,,,IGHV3-20*04,IGLV3-10*01,1,1
Velinotamig,TheraSAbDab,2,Rework,2,7,40.96,38.962,,0,0,0,1,0,0,1,1,0,0,1,0,0,0,1,0,0,,,0.949,45.0,159.287,1.216,0.0,28.4,GREEN,GREEN,AMBER,GREEN,GREEN,2.0,3,0,0,0.0,,,IGHV3-33*01,IGKV1-39*01,1,1
Narsoplimab,TheraSAbDab,2,Rework,2,6,32.98,30.98,,0,0,0,1,0,0,1,1,0,0,1,0,0,0,1,0,0,,,0.93,45.0,174.439,2.066,0.04,0.0,GREEN,GREEN,AMBER,GREEN,GREEN,2.0,2,0,0,0.0,,,IGHV2-26*01,IGLV3-1*01,1,1
Atinumab,TheraSAbDab,2,Rework,1,4,29.48,27.476,,0,0,0,1,0,0,1,0,0,0,1,0,1,0,0,0,0,,,0.9286,41.0,148.632,0.0,0.135,4.0,AMBER,GREEN,GREEN,GREEN,GREEN,2.0,1,1,0,0.0,,,IGHV3-7*01,IGKV3-11*01,1,1
Lumistobart,TheraSAbDab,2,Rework,1,2,26.22,26.218,,0,0,0,1,0,0,1,0,0,0,1,0,0,0,0,0,0,,,0.9293,51.0,191.611,0.069,0.063,6.2,GREEN,GREEN,GREEN,GREEN,GREEN,0,0,1,0,0.0,,,IGHV4-31*02,IGKV4-1*01,1,1
Bulumtatug,TheraSAbDab,3,Immune risk,0,0,41.83,41.833,,0,0,0,1,0,1,1,0,1,0,1,0,0,0,0,0,0,,,0.7835,52.0,176.55,0.105,0.0,6.0,GREEN,GREEN,GREEN,GREEN,GREEN,0,2,0,0,0.0,,,IGHV4-4*08,IGKV4-1*01,1,1
Pamrevlumab,TheraSAbDab,4,Hold,0,0,47.29,47.285,,0,1,0,1,0,1,1,0,0,1,1,0,0,0,0,0,0,,,0.8557,47.0,156.582,0.0,0.0,2.2,GREEN,GREEN,GREEN,GREEN,GREEN,0,0,1,0,0.0,,,IGHV3-13*06,IGKV1D-16*01,1,1
Ansipastobart,TheraSAbDab,2,Rework,1,5,29.71,29.712,,0,0,0,1,0,0,1,0,0,0,1,0,0,0,0,0,0,,,0.9388,48.0,187.097,0.058,0.057,3.3,GREEN,GREEN,GREEN,GREEN,GREEN,0,2,0,0,0.0,,,IGHV3-23*01,IGLV1-44*01,1,1
Aldastotug,TheraSAbDab,2,Rework,1,4,24.63,24.633,,0,0,1,1,0,1,1,0,0,0,1,0,0,0,0,0,0,,,0.9592,47.0,158.375,0.0,0.424,2.2,GREEN,GREEN,GREEN,GREEN,GREEN,0,1,1,0,0.0,,,IGHV5-10-1*01,IGKV3-20*01,1,1
Umikibart,TheraSAbDab,1,Ready,0,7,24.89,24.891,,0,0,0,1,0,0,1,0,0,0,1,1,0,0,0,0,0,,,0.898,44.0,189.87,0.157,0.0,12.0,GREEN,GREEN,GREEN,GREEN,GREEN,0,1,1,1,0.0,,,IGHV3-23*04,IGKV1D-7-1*01,1,1
Disitamab,TheraSAbDab,2,Rework,1,3,26.6,24.602,,0,0,0,1,0,0,1,0,0,0,1,0,1,0,0,0,0,,,0.8265,40.0,153.047,0.171,0.0,3.72,AMBER,GREEN,GREEN,GREEN,GREEN,2.0,3,1,0,0.0,,,IGHV1-69-2*01,IGKV1-12*01,1,1
Reflocibart,TheraSAbDab,2,Rework,2,4,27.47,27.471,,0,0,0,1,0,0,1,1,0,0,1,0,0,0,0,0,0,,,0.8878,47.0,157.033,0.303,0.0,21.7,GREEN,GREEN,GREEN,GREEN,GREEN,0,3,1,0,0.0,,,IGHV1-2*02,IGKV1-39*01,1,1
Omoprubart,TheraSAbDab,3,Immune risk,0,0,30.79,30.791,,0,0,0,1,0,0,1,0,1,0,1,0,0,0,0,0,0,,,0.8571,49.0,156.557,0.007,0.132,0.32,GREEN,GREEN,GREEN,GREEN,GREEN,0,2,2,0,0.0,,,IGHV1-2*02,IGKV1-33*01,1,1
Cosibelimab,TheraSAbDab,3,Immune risk,0,0,32.44,28.437,,0,0,0,1,0,0,1,1,0,0,1,0,0,1,0,0,1,,,0.9388,51.0,135.321,0.325,0.0,-5.4,GREEN,AMBER,GREEN,GREEN,AMBER,4.0,1,0,0,0.0,,,IGHV1-69*01,IGLV6-57*03,1,1
Vilastobart,TheraSAbDab,3,Immune risk,0,0,31.97,31.972,,0,0,0,1,0,0,1,0,1,0,1,0,0,0,0,0,0,,,0.8469,45.0,160.629,0.0,0.464,-2.7,GREEN,GREEN,GREEN,GREEN,GREEN,0,1,0,0,0.0,,,IGHV1-69*02,IGKV6-21*01,1,1
Emfizatamab1_2,TheraSAbDab,2,Rework,3,2,37.32,37.32,,0,0,0,1,0,1,1,0,0,0,1,0,0,0,0,0,0,,,0.949,48.0,187.837,0.292,0.0,4.0,GREEN,GREEN,GREEN,GREEN,GREEN,0,2,1,0,0.0,,,IGHV5-51*01,IGKV1-13*02,1,1
Intetumumab,TheraSAbDab,2,Rework,1,5,25.98,25.978,,0,0,0,1,0,0,1,0,0,0,1,0,0,0,0,0,0,,,0.9184,47.0,160.644,0.04,0.0,6.0,GREEN,GREEN,GREEN,GREEN,GREEN,0,1,2,0,0.0,,,IGHV3-30*01,IGKV3-11*01,1,1
Pamvatamig,TheraSAbDab,2,Rework,1,3,19.86,19.863,,0,0,0,1,0,0,1,0,0,0,1,0,0,0,0,0,0,,,0.9592,50.0,172.932,0.0,0.0,9.0,GREEN,GREEN,GREEN,GREEN,GREEN,0,1,0,0,0.0,,,IGHV7-4-1*02,IGKV1-39*01,1,1
Lomtegovimab,TheraSAbDab,2,Rework,1,6,30.17,30.167,,0,0,0,1,0,0,1,0,0,0,1,0,0,0,0,0,0,,,0.8878,47.0,172.429,0.046,0.284,8.2,GREEN,GREEN,GREEN,GREEN,GREEN,0,3,0,0,0.0,,,IGHV3-30*18,IGKV1-5*03,1,1
Velinotamig_2,TheraSAbDab,1,Ready,0,4,22.28,22.277,,0,0,0,1,0,0,1,0,0,0,1,0,0,0,0,0,0,,,0.8163,48.0,184.085,0.028,0.095,8.4,GREEN,GREEN,GREEN,GREEN,GREEN,0,2,1,0,0.0,,,IGHV1-3*01,IGKV1-39*01,1,1
Exbivirumab,TheraSAbDab,2,Rework,3,9,39.41,37.406,,0,0,0,1,0,0,1,0,0,0,1,0,0,1,0,0,0,,,0.8776,50.0,206.641,0.236,0.146,5.61,GREEN,AMBER,GREEN,GREEN,GREEN,2.0,2,0,0,0.0,,,IGHV3-33*01,IGLV3-21*03,1,1
Gresonitamab,TheraSAbDab,4,Hold,0,0,51.51,51.511,,0,1,0,1,0,0,1,0,0,1,1,0,0,0,0,0,0,,,0.9796,52.0,187.292,0.145,0.0,28.0,GREEN,GREEN,GREEN,GREEN,GREEN,0,1,0,0,0.0,,,IGHV1-2*02,IGKV1-12*01,1,1
Mibavademab,TheraSAbDab,2,Rework,1,6,30.44,30.437,,0,0,0,1,0,0,1,0,0,0,1,0,0,0,0,0,0,,,0.8673,47.0,155.709,0.0,0.0,9.0,GREEN,GREEN,GREEN,GREEN,GREEN,0,1,3,0,0.0,,,IGHV3-30*15,IGKV1-39*01,1,1
Enuzovimab,TheraSAbDab,2,Rework,1,7,32.15,32.151,,0,0,0,1,0,0,1,1,0,0,1,0,0,0,0,0,0,,,0.9588,45.0,178.437,0.0,0.0,6.0,GREEN,GREEN,GREEN,GREEN,GREEN,0,2,1,0,0.0,,,IGHV3-53*01,IGKV1-12*01,1,1
Tixagevimab,TheraSAbDab,2,Rework,3,4,37.7,37.697,,0,1,0,1,0,1,1,0,0,0,1,0,0,0,0,0,0,,,0.9796,52.0,176.016,0.0,0.047,3.0,GREEN,GREEN,GREEN,GREEN,GREEN,0,1,0,0,0.0,,,IGHV1-58*01,IGKV3-20*01,1,1
Bosakitug,TheraSAbDab,2,Rework,2,5,31.42,29.421,,0,0,0,1,0,0,1,0,0,0,1,0,0,1,0,0,0,,,0.8878,44.0,130.691,0.0,1.449,2.0,GREEN,AMBER,GREEN,GREEN,GREEN,2.0,2,0,0,0.0,,,IGHV1-46*01,IGKV1-39*01,1,1
Anzurstobart,TheraSAbDab,1,Ready,0,4,23.04,23.037,,0,0,0,1,0,0,1,0,0,0,1,0,0,0,0,0,0,,,0.9592,47.0,157.11,0.0,0.0,12.0,GREEN,GREEN,GREEN,GREEN,GREEN,0,2,0,0,0.0,,,IGHV1-18*01,IGKV1-12*01,1,1
Simaravibart,TheraSAbDab,2,Rework,1,4,25.18,25.183,,0,0,0,1,0,0,1,1,0,0,0,0,0,0,0,0,0,,,0.9592,48.0,187.299,0.0,0.183,0.0,GREEN,GREEN,GREEN,GREEN,GREEN,0,0,0,0,0,,,IGHV1-69*02,IGKV3-11*01,1,1
Rocatinlimab,TheraSAbDab,2,Rework,2,2,31.95,31.954,,0,0,0,1,0,1,1,1,0,0,1,0,0,0,0,0,0,,,0.93,44.0,166.553,1.141,0.0,5.2,GREEN,GREEN,GREEN,GREEN,GREEN,0,1,0,0,0.0,,,IGHV2-5*02,IGKV3-20*01,1,1
Cudarolimab,TheraSAbDab,2,Rework,1,8,26.38,26.383,,0,0,0,1,0,0,1,1,0,0,1,0,0,0,0,0,0,,,1.0,50.0,158.872,0.202,0.15,-3.6,GREEN,GREEN,GREEN,GREEN,GREEN,0,1,0,0,0.0,,,IGHV3-30*03,IGKV1-33*01,1,1
Adakitug,TheraSAbDab,2,Rework,1,6,32.1,32.1,,0,0,0,1,0,1,1,0,0,0,1,0,0,0,0,0,0,,,0.9388,44.0,155.466,0.245,0.0,6.2,GREEN,GREEN,GREEN,GREEN,GREEN,0,2,0,0,0.0,,,IGHV3-33*01,IGKV3-20*01,1,1
Ebrasodebart,TheraSAbDab,2,Rework,3,7,42.13,42.131,,0,0,0,1,0,1,1,0,0,0,1,0,0,0,0,0,0,,,0.9898,47.0,183.525,0.0,0.0,9.0,GREEN,GREEN,GREEN,GREEN,GREEN,0,1,0,0,0.0,,,IGHV1-18*01,IGLV3-1*01,1,1
Adintrevimab,TheraSAbDab,2,Rework,2,7,29.5,27.497,,0,0,0,1,0,0,1,0,0,0,1,0,1,0,0,0,0,,,0.8969,57.0,191.458,0.0,1.132,1.1,AMBER,GREEN,GREEN,GREEN,GREEN,2.0,2,0,0,0.0,,,IGHV3-21*08,IGLV1-40*01,1,1
Cizutamig,TheraSAbDab,2,Rework,1,5,24.8,24.798,,0,0,0,1,0,0,1,0,0,0,1,1,0,0,0,0,0,,,0.8469,48.0,151.077,0.0,1.327,2.0,GREEN,GREEN,GREEN,GREEN,GREEN,0,1,2,1,0.0,,,IGHV1-3*01,IGKV1-33*01,1,1
Atenastobart,TheraSAbDab,1,Ready,0,6,28.0,27.996,,0,0,0,1,0,0,1,0,0,0,1,0,0,0,0,0,0,,,0.9175,53.0,188.21,0.0,0.055,0.6,GREEN,GREEN,GREEN,GREEN,GREEN,0,4,0,0,0.0,,,IGHV3-21*08,IGLV2-8*01,1,1
Lupartumab,TheraSAbDab,2,Rework,1,6,34.74,34.742,,0,0,0,1,0,1,1,0,0,0,1,0,0,0,0,0,0,,,0.9286,49.0,171.588,0.0,0.0,2.0,GREEN,GREEN,GREEN,GREEN,GREEN,0,1,0,0,0.0,,,IGHV3-48*03,IGLV1-40*01,1,1
Invikafusp,TheraSAbDab,3,Immune risk,0,0,27.38,25.377,,0,0,0,1,0,1,1,1,1,0,1,0,0,1,0,0,0,,,0.7959,46.0,123.273,0.25,0.0,18.91,GREEN,AMBER,GREEN,GREEN,GREEN,2.0,3,1,0,0.0,,,IGHV1-3*01,IGKV1-9*01,1,1
Lorigerlimab,TheraSAbDab,2,Rework,2,3,29.06,29.064,,0,0,0,1,0,0,1,1,0,0,1,0,0,0,0,0,0,,,0.8163,50.0,185.59,0.01,1.188,-1.08,GREEN,GREEN,GREEN,GREEN,GREEN,0,2,1,0,0.0,,,IGHV1-46*01,IGKV3-11*01,1,1
Timcevibart,TheraSAbDab,2,Rework,1,8,34.63,34.63,,0,0,0,1,0,0,1,1,0,0,1,0,0,0,0,0,0,,,0.9691,44.0,166.368,0.0,0.0,6.0,GREEN,GREEN,GREEN,GREEN,GREEN,0,1,0,0,0.0,,,IGHV3-66*01,IGKV1-9*01,1,1
Xaluritamig,TheraSAbDab,1,Ready,0,3,27.02,25.017,,0,0,0,1,0,0,1,0,0,0,1,0,0,0,1,0,0,,,0.8061,47.0,173.602,1.505,0.192,6.0,GREEN,GREEN,AMBER,GREEN,GREEN,2.0,1,2,0,0.0,,,IGHV1-3*01,IGKV3-11*01,1,1
Narnatumab,TheraSAbDab,2,Rework,3,5,29.24,27.239,,0,0,0,1,0,0,1,0,0,0,1,0,0,0,1,0,0,,,0.9592,49.0,180.699,1.313,0.0,10.5,GREEN,GREEN,AMBER,GREEN,GREEN,2.0,1,0,0,0.0,,,IGHV3-7*01,IGKV3-11*01,1,1
Tepoditamab_2,TheraSAbDab,1,Ready,0,7,24.54,24.538,,0,0,0,1,0,0,1,1,0,0,1,0,0,0,0,0,0,,,0.898,45.0,154.246,1.128,0.0,15.0,GREEN,GREEN,GREEN,GREEN,GREEN,0,0,1,0,0.0,,,IGHV3-33*01,IGKV1-39*01,1,1
Crotedumab,TheraSAbDab,3,Immune risk,0,0,38.36,34.36,,0,0,0,1,0,0,1,1,0,0,1,0,1,0,0,0,1,,,0.9286,55.0,175.532,0.0,1.607,-7.6,AMBER,GREEN,GREEN,GREEN,AMBER,4.0,2,1,0,0.0,,,IGHV3-7*01,IGKV1-17*01,1,1
Verekitug,TheraSAbDab,1,Ready,0,6,22.98,22.979,,0,0,0,1,0,0,1,0,0,0,1,0,0,0,0,0,0,,,0.898,45.0,146.451,0.0,0.0,9.0,GREEN,GREEN,GREEN,GREEN,GREEN,0,2,0,0,0.0,,,IGHV3-23*01,IGKV1-16*02,1,1
Tabirafusp,TheraSAbDab,2,Rework,1,3,31.92,31.923,,0,0,0,1,0,0,1,1,0,0,1,0,0,0,0,0,0,,,0.8061,45.0,161.824,0.0,1.234,-0.0,GREEN,GREEN,GREEN,GREEN,GREEN,0,3,0,0,0.0,,,IGHV3-23*03,IGKV1-39*01,1,1
Dargistotug,TheraSAbDab,2,Rework,2,2,29.11,29.108,,0,0,0,1,0,0,1,0,0,0,1,0,0,0,0,0,0,,,0.9898,48.0,177.561,0.0,0.0,6.0,GREEN,GREEN,GREEN,GREEN,GREEN,0,1,0,0,0.0,,,IGHV7-4-1*02,IGKV1-9*01,1,1
Olinvacimab,TheraSAbDab,2,Rework,1,8,30.55,30.547,,0,0,0,1,0,0,1,1,0,0,1,0,0,0,0,0,0,,,0.8469,49.0,195.004,0.045,0.252,-3.1,GREEN,GREEN,GREEN,GREEN,GREEN,0,3,1,0,0.0,,,IGHV1-3*01,IGLV3-21*01,1,1
Rilvegostomig_2,TheraSAbDab,5,Out of range,0,0,31.53,29.528,,0,0,0,1,1,0,1,0,0,0,1,0,0,1,0,0,0,,,0.9694,52.0,204.908,0.052,0.0,6.2,GREEN,AMBER,GREEN,GREEN,GREEN,2.0,3,0,0,0.0,,,IGHV3-30*01,IGLV1-44*01,1,1
Spevatamig,TheraSAbDab,2,Rework,1,2,26.85,24.846,,0,0,0,1,0,0,1,0,0,0,1,0,1,0,0,0,0,,,0.8673,41.0,141.207,0.0,1.238,-1.98,AMBER,GREEN,GREEN,GREEN,GREEN,2.0,3,0,0,0.0,,,IGHV1-46*01,IGKV3-20*01,1,1
Donzakimig1,TheraSAbDab,2,Rework,1,5,34.76,34.764,,0,0,0,1,0,0,1,1,0,0,1,0,0,0,0,0,0,,,0.8367,51.0,172.646,0.0,1.365,-1.0,GREEN,GREEN,GREEN,GREEN,GREEN,0,2,0,0,0.0,,,IGHV3-23*04,IGKV1-9*03,1,1
Omectatug,TheraSAbDab,2,Rework,4,3,31.69,31.687,,0,0,0,1,0,0,1,0,0,0,1,0,0,0,0,0,0,,,0.8571,51.0,167.159,1.149,0.0,15.3,GREEN,GREEN,GREEN,GREEN,GREEN,0,2,0,0,0.0,,,IGHV1-8*01,IGKV4-1*01,1,1
Necitumumab,TheraSAbDab,1,Ready,0,3,24.5,24.502,,0,0,0,1,0,0,1,0,0,0,0,0,0,0,0,0,0,,,0.9596,48.0,191.315,0.0,0.0,3.0,GREEN,GREEN,GREEN,GREEN,GREEN,0,0,0,0,0,,,IGHV4-30-2*07,IGKV3-11*01,1,1
Etesevimab,TheraSAbDab,2,Rework,1,8,27.57,27.575,,0,0,0,1,0,0,1,1,0,0,1,0,0,0,0,0,0,,,0.9691,48.0,172.373,0.0,0.479,3.0,GREEN,GREEN,GREEN,GREEN,GREEN,0,4,2,0,0.0,,,IGHV3-66*01,IGKV1-39*01,1,1
Obertamig_2,TheraSAbDab,2,Rework,2,3,31.33,29.333,,0,0,0,1,0,0,1,0,0,0,0,0,1,0,0,0,0,,,0.9802,58.0,195.978,0.644,0.0,10.5,AMBER,GREEN,GREEN,GREEN,GREEN,2.0,0,0,0,0,,,IGHV6-1*01,IGKV4-1*01,1,1
Tregalizumab,TheraSAbDab,4,Hold,0,0,48.04,46.038,,0,1,0,1,0,0,1,0,1,1,1,0,1,0,0,0,0,,,0.77,55.0,181.353,0.0,1.137,0.0,AMBER,GREEN,GREEN,GREEN,GREEN,2.0,5,0,0,0.0,,,IGHV3-15*06,IGKV4-1*01,1,1
Inezetamab,TheraSAbDab,2,Rework,1,7,36.11,36.109,,0,0,0,1,0,0,1,0,0,0,1,0,0,0,0,0,0,,,0.9388,52.0,148.717,0.051,0.0,9.3,GREEN,GREEN,GREEN,GREEN,GREEN,0,4,0,0,0.0,,,IGHV3-23*01,IGLV2-14*01,1,1
Ciduvectamig_2,TheraSAbDab,2,Rework,1,2,29.08,27.076,,0,0,0,1,0,1,1,0,0,0,1,0,0,1,0,0,0,,,0.8713,51.0,201.664,0.729,0.0,16.4,GREEN,AMBER,GREEN,GREEN,GREEN,2.0,2,3,0,0.0,,,IGHV6-1*01,IGLV2-23*02,1,1
Clervonafusp,TheraSAbDab,1,Ready,0,8,27.03,27.029,,0,0,0,1,0,0,1,0,0,0,1,1,0,0,0,0,0,,,0.898,47.0,180.133,1.12,0.0,12.0,GREEN,GREEN,GREEN,GREEN,GREEN,0,3,1,1,0.0,,,IGHV3-48*01,IGKV1-39*01,1,1
Dezamizumab,TheraSAbDab,2,Rework,3,4,28.41,28.413,,0,0,0,1,0,0,1,0,0,0,1,0,0,0,0,0,0,,,0.8571,49.0,160.881,0.033,0.805,2.1,GREEN,GREEN,GREEN,GREEN,GREEN,0,2,0,0,0.0,,,IGHV1-69*02,IGKV1-39*01,1,1
Batoclimab,TheraSAbDab,2,Rework,4,3,43.19,43.185,,0,0,0,1,0,1,1,1,0,0,1,0,0,0,0,0,0,,,0.9192,50.0,190.508,0.0,1.444,-4.1,GREEN,GREEN,GREEN,GREEN,GREEN,0,0,1,0,0.0,,,IGHV4-39*02,IGLV3-21*02,1,1
Casdozokitug,TheraSAbDab,2,Rework,1,7,33.83,29.829,,0,0,0,1,0,1,1,0,0,0,0,0,1,1,0,0,0,,,0.9691,59.0,205.487,0.033,0.139,3.1,AMBER,AMBER,GREEN,GREEN,GREEN,4.0,0,0,0,0,,,IGHV3-21*08,IGKV4-1*01,1,1
Romlusevimab,TheraSAbDab,2,Rework,5,4,37.19,37.185,,0,0,0,1,0,0,1,0,0,0,0,0,0,0,0,0,0,,,0.949,48.0,197.053,0.005,0.138,0.2,GREEN,GREEN,GREEN,GREEN,GREEN,0,0,0,0,0,,,IGHV7-4-1*02,IGLV3-21*01,1,1
Ispectamab,TheraSAbDab,2,Rework,2,5,29.4,29.399,,0,0,1,1,0,0,1,0,0,0,1,0,0,0,0,0,0,,,0.8247,49.0,184.302,0.106,0.064,6.0,GREEN,GREEN,GREEN,GREEN,GREEN,0,4,0,0,0.0,,,IGHV3-66*01,IGKV1-39*01,1,1
Alacizumab,TheraSAbDab,1,Ready,0,7,24.75,24.753,,0,0,0,1,0,0,1,1,0,0,1,0,0,0,0,0,0,,,0.9082,44.0,173.576,0.0,1.129,0.0,GREEN,GREEN,GREEN,GREEN,GREEN,0,2,1,0,0.0,,,IGHV3-7*01,IGKV1-16*01,1,1
Opelkibart,TheraSAbDab,2,Rework,2,4,25.59,25.591,,0,0,0,1,0,0,1,0,0,0,1,0,0,0,0,0,0,,,0.949,50.0,166.192,0.0,0.118,12.0,GREEN,GREEN,GREEN,GREEN,GREEN,0,3,0,0,0.0,,,IGHV5-51*01,IGKV1-12*01,1,1
Adecatumumab,TheraSAbDab,2,Rework,3,8,37.5,37.499,,0,0,0,1,0,0,1,1,0,0,1,0,0,0,0,0,0,,,0.9796,54.0,167.828,0.0,0.702,2.0,GREEN,GREEN,GREEN,GREEN,GREEN,0,3,0,0,0.0,,,IGHV3-30*18,IGKV1-39*01,1,1
Gremubamab,TheraSAbDab,3,Immune risk,0,0,29.63,27.625,,0,0,0,1,0,0,1,1,0,0,1,0,0,0,0,0,1,,,0.9184,51.0,167.352,0.0,0.0,-4.5,GREEN,GREEN,GREEN,GREEN,AMBER,2.0,4,0,0,0.0,,,IGHV3-23*01,IGKV1-6*01,1,1
Sotiburafusp,TheraSAbDab,2,Rework,4,3,35.31,35.311,,0,0,0,1,0,0,1,1,0,0,1,0,0,0,0,0,0,,,0.8673,52.0,163.939,0.409,0.068,13.2,GREEN,GREEN,GREEN,GREEN,GREEN,0,1,1,0,0.0,,,IGHV1-3*01,IGKV2-29*02,1,1
Rilotumumab,TheraSAbDab,2,Rework,1,2,28.36,28.357,,0,0,0,1,0,0,1,0,0,0,1,0,0,0,0,0,0,,,0.9691,48.0,143.186,0.0,0.0,9.0,GREEN,GREEN,GREEN,GREEN,GREEN,0,1,0,0,0.0,,,IGHV4-59*01,IGKV3-15*01,1,1
Aducanumab,TheraSAbDab,2,Rework,2,7,34.6,32.6,,0,0,0,1,0,0,1,1,0,0,1,0,0,0,1,0,0,,,0.9388,51.0,163.632,3.039,0.0,27.0,GREEN,GREEN,AMBER,GREEN,GREEN,2.0,1,1,0,0.0,,,IGHV3-33*01,IGKV1-39*01,1,1
Mozistobart,TheraSAbDab,4,Hold,0,0,33.28,33.281,,0,0,0,1,0,1,1,0,0,1,1,0,0,0,0,0,0,,,0.898,50.0,158.577,0.119,0.0,7.04,GREEN,GREEN,GREEN,GREEN,GREEN,0,3,0,0,0.0,,,IGHV3-48*03,IGKV1-39*01,1,1
Bafisontamab_2,TheraSAbDab,2,Rework,4,4,45.2,43.198,,0,0,0,1,0,0,1,0,0,0,1,0,0,1,0,0,0,,,0.9694,44.0,127.702,0.0,0.0,12.0,GREEN,AMBER,GREEN,GREEN,GREEN,2.0,1,0,0,0.0,,,IGHV1-18*01,IGKV1-12*01,1,1
Demupitamab,TheraSAbDab,2,Rework,1,2,27.63,27.633,,0,0,0,1,0,0,1,1,0,0,1,0,0,0,0,0,0,,,0.899,46.0,148.942,0.174,0.107,-3.6,GREEN,GREEN,GREEN,GREEN,GREEN,0,0,1,0,0.0,,,IGHV4-61*01,IGKV1-33*01,1,1
Luvagrobart,TheraSAbDab,2,Rework,1,2,29.4,29.404,,0,0,0,1,0,0,1,1,0,0,1,0,0,0,0,0,0,,,0.8061,48.0,152.043,0.027,0.159,6.4,GREEN,GREEN,GREEN,GREEN,GREEN,0,2,1,0,0.0,,,IGHV4-38-2*02,IGKV1-39*01,1,1
Atidortoxumab,TheraSAbDab,2,Rework,2,1,22.35,22.348,,0,0,0,1,0,0,1,0,0,0,1,0,0,0,0,0,0,,,0.9286,46.0,168.407,0.0,0.0,12.4,GREEN,GREEN,GREEN,GREEN,GREEN,0,1,0,0,0.0,,,IGHV4-38-2*01,IGKV1-12*01,1,1
Xirestomig,TheraSAbDab,2,Rework,3,4,28.48,28.477,,0,0,0,1,0,0,1,0,0,0,1,0,0,0,0,0,0,,,0.9694,53.0,168.33,0.041,0.055,6.3,GREEN,GREEN,GREEN,GREEN,GREEN,0,2,0,0,0.0,,,IGHV1-69*04,IGLV2-14*01,1,1
Ansuvimab,TheraSAbDab,3,Immune risk,0,0,34.25,34.251,,0,0,0,1,0,0,1,0,1,0,1,0,0,0,0,0,0,,,0.7835,46.0,175.576,0.069,0.172,0.0,GREEN,GREEN,GREEN,GREEN,GREEN,0,4,1,0,0.0,,,IGHV3-13*01,IGKV1-27*01,1,1
Zanolimumab,TheraSAbDab,2,Rework,3,1,38.14,36.137,,0,0,1,1,0,0,1,0,0,0,0,0,1,0,0,0,0,,,1.0,42.0,142.431,0.0,0.0,8.61,AMBER,GREEN,GREEN,GREEN,GREEN,2.0,0,0,0,0,,,IGHV4-34*01,IGKV1-12*01,1,1
Pacanalotamab,TheraSAbDab,2,Rework,3,4,30.43,28.426,,0,0,0,1,0,0,1,0,0,0,1,0,0,1,0,0,0,,,0.8571,48.0,136.095,0.006,0.079,0.12,GREEN,AMBER,GREEN,GREEN,GREEN,2.0,4,1,0,0.0,,,IGHV1-46*01,IGKV1-33*01,1,1
Pulocimab,TheraSAbDab,5,Out of range,0,0,30.26,28.259,,0,0,0,1,0,1,1,0,0,0,1,0,1,0,0,0,0,,,0.9898,43.0,169.002,0.0,0.147,6.0,AMBER,GREEN,GREEN,GREEN,GREEN,2.0,1,1,0,0.0,,,IGHV3-21*01,IGKV1-12*01,1,1
Diridavumab,TheraSAbDab,2,Rework,2,3,20.68,18.675,,0,0,0,1,0,0,1,0,0,0,0,0,0,0,1,0,0,,,0.8469,53.0,152.749,1.451,0.051,12.0,GREEN,GREEN,AMBER,GREEN,GREEN,2.0,0,0,0,0,,,IGHV1-69*01,IGLV1-51*01,1,1
Danvilostomig_2,TheraSAbDab,3,Immune risk,0,0,38.19,38.191,,0,0,0,1,0,0,1,1,1,0,1,0,0,0,0,0,0,,,0.7551,44.0,153.701,0.0,0.0,0.0,GREEN,GREEN,GREEN,GREEN,GREEN,0,3,0,0,0.0,,,IGHV3-23*04,IGKV1-27*01,1,1
Sabestomig_2,TheraSAbDab,2,Rework,1,8,32.93,30.931,,0,0,0,1,0,0,1,0,0,0,0,0,0,0,1,0,0,,,0.9898,51.0,180.482,1.417,0.149,0.0,GREEN,GREEN,AMBER,GREEN,GREEN,2.0,0,0,0,0,,,IGHV3-23*01,IGLV3-21*01,1,1
Duvortuxizumab,TheraSAbDab,2,Rework,2,3,32.91,32.915,,0,0,0,1,0,0,1,0,0,0,1,0,0,0,0,0,0,,,0.89,46.0,157.932,0.0,0.0,4.0,GREEN,GREEN,GREEN,GREEN,GREEN,0,1,2,0,0.0,,,IGHV2-5*08,IGKV3-11*01,1,1
Lunlekitug,TheraSAbDab,3,Immune risk,0,0,33.56,33.563,,0,0,0,1,0,0,1,1,1,0,1,0,0,0,0,0,0,,,0.7959,51.0,163.042,0.0,1.29,-3.8,GREEN,GREEN,GREEN,GREEN,GREEN,0,0,1,0,0.0,,,IGHV1-69*01,IGKV4-1*01,1,1
Zeripatamig_2,TheraSAbDab,1,Ready,0,9,31.23,31.233,,0,0,0,1,0,0,1,1,0,0,1,0,0,0,0,0,0,,,1.0,47.0,186.239,0.0,1.388,-0.0,GREEN,GREEN,GREEN,GREEN,GREEN,0,2,0,0,0.0,,,IGHV3-23*01,IGLV6-57*01,1,1
Depemokimab,TheraSAbDab,3,Immune risk,0,0,30.54,30.545,,0,0,0,1,0,0,1,0,1,0,1,0,0,0,0,0,0,,,0.75,52.0,183.87,0.01,0.0,6.3,GREEN,GREEN,GREEN,GREEN,GREEN,0,2,0,0,0.0,,,IGHV2-70*19,IGKV4-1*01,1,1
Pasritamig_2,TheraSAbDab,1,Ready,0,5,26.08,24.078,,0,0,0,1,0,0,1,0,0,0,1,0,1,0,0,0,0,,,0.898,43.0,157.786,0.0,0.0,8.0,AMBER,GREEN,GREEN,GREEN,GREEN,2.0,2,0,0,0.0,,,IGHV3-21*01,IGKV1-39*01,1,1
Rosmantuzumab,TheraSAbDab,2,Rework,4,4,35.09,35.093,,0,0,0,1,0,0,1,1,0,0,1,0,0,0,0,0,0,,,0.8367,48.0,166.914,0.0,1.25,-2.0,GREEN,GREEN,GREEN,GREEN,GREEN,0,2,1,0,0.0,,,IGHV1-46*01,IGKV1-39*01,1,1
Safimestomig_2,TheraSAbDab,2,Rework,1,5,24.19,22.188,,0,0,0,1,0,0,1,0,0,0,1,0,0,1,0,0,0,,,0.8265,46.0,135.388,0.622,0.0,9.3,GREEN,AMBER,GREEN,GREEN,GREEN,2.0,3,0,0,0.0,,,IGHV1-69-2*01,IGKV1D-7-1*01,1,1
Imeroprubart,TheraSAbDab,2,Rework,2,8,41.64,37.637,,0,0,0,1,0,1,1,0,0,0,1,0,0,1,0,1,0,,,0.9388,50.0,209.453,0.581,2.094,-0.8,GREEN,AMBER,GREEN,AMBER,GREEN,4.0,1,0,0,0.0,,,IGHV3-23*01,IGLV3-21*02,1,1
Lemzoparlimab,TheraSAbDab,2,Rework,1,8,26.64,26.644,,0,0,0,1,0,0,1,0,0,0,1,0,0,0,0,0,0,,,0.92,51.0,187.888,0.0,0.0,6.0,GREEN,GREEN,GREEN,GREEN,GREEN,0,2,1,0,0.0,,,IGHV3-15*07,IGKV4-1*01,1,1
Puxitatug,TheraSAbDab,2,Rework,4,1,37.35,35.351,,0,0,1,1,0,0,1,1,0,0,1,0,0,1,0,0,0,,,0.9588,44.0,133.772,0.0,0.0,12.3,GREEN,AMBER,GREEN,GREEN,GREEN,2.0,2,0,0,0.0,,,IGHV4-34*01,IGKV1-17*01,1,1
Nebratamig2,TheraSAbDab,5,Out of range,0,0,37.41,35.405,,0,0,0,1,0,1,1,1,0,0,1,0,1,0,0,0,0,,,0.8163,55.0,174.06,0.015,1.572,-0.0,AMBER,GREEN,GREEN,GREEN,GREEN,2.0,1,0,0,0.0,,,IGHV3-23*03,IGKV1-27*01,1,1
Stapokibart,TheraSAbDab,2,Rework,1,6,26.4,26.404,,0,0,0,1,0,0,1,0,0,0,1,0,0,0,0,0,0,,,0.9286,46.0,159.046,0.016,0.0,6.3,GREEN,GREEN,GREEN,GREEN,GREEN,0,3,1,0,0.0,,,IGHV3-23*03,IGKV1-33*01,1,1
Gimistotug,TheraSAbDab,2,Rework,1,4,21.53,21.528,,0,0,0,1,0,0,1,0,0,0,1,0,0,0,0,0,0,,,0.8469,47.0,147.916,0.132,0.0,5.0,GREEN,GREEN,GREEN,GREEN,GREEN,0,3,0,0,0.0,,,IGHV1-46*01,IGKV1-16*01,1,1
Eurestobart,TheraSAbDab,3,Immune risk,0,0,29.04,29.038,,0,0,0,1,0,0,1,0,1,0,1,0,0,0,0,0,0,,,0.7959,49.0,149.741,0.0,0.0,6.0,GREEN,GREEN,GREEN,GREEN,GREEN,0,3,3,0,0.0,,,IGHV1-3*01,IGKV3-11*01,1,1
Danburstotug,TheraSAbDab,2,Rework,2,5,32.3,32.297,,0,0,0,1,0,1,1,0,0,0,1,0,0,0,0,0,0,,,0.9694,50.0,197.665,1.129,0.148,0.1,GREEN,GREEN,GREEN,GREEN,GREEN,0,1,0,0,0.0,,,IGHV1-69*01,IGLV3-21*01,1,1
Zifibancimig,TheraSAbDab,3,Immune risk,0,0,35.58,33.579,,0,0,0,1,0,0,1,0,1,0,1,0,1,0,0,0,0,,,0.7245,42.0,159.998,0.187,1.348,-0.1,AMBER,GREEN,GREEN,GREEN,GREEN,2.0,4,1,0,0.0,,,IGHV3-23*04,IGKV1-13*02,1,1
Cugrastomig,TheraSAbDab,2,Rework,1,1,30.56,28.564,,0,0,0,1,0,0,1,0,0,0,1,0,0,1,0,0,0,,,0.8969,47.0,123.132,0.111,0.801,0.1,GREEN,AMBER,GREEN,GREEN,GREEN,2.0,2,0,0,0.0,,,IGHV4-34*01,IGKV3-11*01,1,1
Ralzapastotug,TheraSAbDab,2,Rework,2,1,28.87,28.873,,0,0,0,1,0,0,1,0,0,0,1,0,0,0,0,0,0,,,0.898,48.0,157.053,0.007,0.0,12.3,GREEN,GREEN,GREEN,GREEN,GREEN,0,2,0,0,0.0,,,IGHV4-4*02,IGKV3-15*01,1,1
Emfizatamab1,TheraSAbDab,2,Rework,2,6,33.84,33.836,,0,0,0,1,0,0,1,0,0,0,1,0,0,0,0,0,0,,,0.866,52.0,174.389,0.0,0.0,6.0,GREEN,GREEN,GREEN,GREEN,GREEN,0,3,0,0,0.0,,,IGHV3-66*01,IGKV1-5*01,1,1
Emirodatamab,TheraSAbDab,4,Hold,0,0,54.64,54.637,,0,1,0,1,0,0,1,0,0,1,1,0,0,0,0,0,0,,,0.92,51.0,152.339,0.058,0.0,16.0,GREEN,GREEN,GREEN,GREEN,GREEN,0,1,0,0,0.0,,,IGHV2-26*01,IGKV1-17*01,1,1
Emfizatamab2_2,TheraSAbDab,3,Immune risk,0,0,29.94,29.943,,0,0,0,1,0,0,1,0,1,0,1,0,0,0,0,0,0,,,0.7857,47.0,167.725,0.01,0.052,4.1,GREEN,GREEN,GREEN,GREEN,GREEN,0,5,0,0,0.0,,,IGHV3-64*04,IGKV1-39*01,1,1
Astegolimab,TheraSAbDab,2,Rework,1,4,25.89,25.887,,0,0,0,1,0,0,1,1,0,0,1,0,0,0,0,0,0,,,0.9592,48.0,157.148,0.044,0.0,2.0,GREEN,GREEN,GREEN,GREEN,GREEN,0,0,1,0,0.0,,,IGHV5-51*01,IGKV1-33*01,1,1
Lesabelimab,TheraSAbDab,3,Immune risk,0,0,29.36,29.362,,0,0,0,1,0,1,1,0,1,0,1,0,0,0,0,0,0,,,0.7835,47.0,173.496,0.0,0.0,12.0,GREEN,GREEN,GREEN,GREEN,GREEN,0,2,1,0,0.0,,,IGHV3-66*01,IGKV1-39*01,1,1
Linavonkibart,TheraSAbDab,2,Rework,3,6,38.39,38.386,,0,0,0,1,0,0,1,1,0,0,1,0,0,0,0,0,0,,,0.9286,48.0,166.551,0.0,0.0,0.0,GREEN,GREEN,GREEN,GREEN,GREEN,0,4,0,0,0.0,,,IGHV3-48*01,IGKV1-33*01,1,1
Ponsegromab,TheraSAbDab,2,Rework,1,3,27.48,27.479,,0,0,0,1,0,0,1,0,0,0,1,0,0,0,0,0,0,,,0.9388,47.0,153.814,0.0,0.0,0.01,GREEN,GREEN,GREEN,GREEN,GREEN,0,3,0,0,0.0,,,IGHV1-69*01,IGKV3-11*01,1,1
Osemitamab,TheraSAbDab,2,Rework,2,6,27.03,27.03,,0,0,0,1,0,0,1,0,0,0,1,0,0,0,0,0,0,,,0.8776,51.0,194.63,0.013,0.0,12.3,GREEN,GREEN,GREEN,GREEN,GREEN,0,3,0,0,0.0,,,IGHV1-46*01,IGKV4-1*01,1,1
Navenibart,TheraSAbDab,2,Rework,1,3,23.27,23.266,,0,0,0,1,0,0,1,1,0,0,1,0,0,0,0,0,0,,,0.8061,48.0,148.186,0.112,0.424,0.0,GREEN,GREEN,GREEN,GREEN,GREEN,0,3,1,0,0.0,,,IGHV1-69*02,IGKV1-16*01,1,1
Lumrotatug,TheraSAbDab,3,Immune risk,0,0,29.11,29.113,,0,0,0,1,0,0,1,1,1,0,1,0,0,0,0,0,0,,,0.8351,46.0,171.415,0.591,1.237,4.0,GREEN,GREEN,GREEN,GREEN,GREEN,0,2,2,0,0.0,,,IGHV4-4*08,IGKV3D-7*01,1,1
Daxdilimab,TheraSAbDab,2,Rework,4,5,44.2,44.198,,0,0,0,1,0,1,1,0,0,0,1,0,0,0,0,0,0,,,0.9796,53.0,183.247,0.0,0.802,4.2,GREEN,GREEN,GREEN,GREEN,GREEN,0,1,0,0,0.0,,,IGHV1-18*01,IGLV2-14*03,1,1
Ontuxizumab,TheraSAbDab,3,Immune risk,0,0,41.19,39.194,,0,0,0,1,0,0,1,1,1,0,1,0,0,0,0,1,0,,,0.6768,52.0,151.329,0.0,2.649,-4.0,GREEN,GREEN,GREEN,AMBER,GREEN,2.0,2,2,0,0.0,,,IGHV4-30-2*07,IGKV1-33*01,1,1
Ersodetug,TheraSAbDab,2,Rework,4,8,36.87,36.869,,0,0,0,1,0,0,1,0,0,0,1,0,0,0,0,0,0,,,0.9694,50.0,192.702,0.057,1.114,2.1,GREEN,GREEN,GREEN,GREEN,GREEN,0,1,2,0,0.0,,,IGHV3-30*01,IGKV2-30*01,1,1
Uprevstobart,TheraSAbDab,2,Rework,2,5,32.3,30.297,,0,0,0,1,0,0,1,0,0,0,1,0,0,1,0,0,0,,,0.8673,48.0,136.417,0.044,0.0,0.0,GREEN,AMBER,GREEN,GREEN,GREEN,2.0,2,1,0,0.0,,,IGHV5-51*01,IGKV4-1*01,1,1
Turenkibart,TheraSAbDab,5,Out of range,0,0,30.12,30.116,,0,0,1,1,0,1,1,0,0,0,1,0,0,0,0,0,0,,,0.8469,51.0,161.151,0.173,0.1,2.6,GREEN,GREEN,GREEN,GREEN,GREEN,0,2,0,0,0.0,,,IGHV1-69-2*01,IGKV4-1*01,1,1
Levilimab,TheraSAbDab,3,Immune risk,0,0,36.59,36.587,,0,0,0,1,0,0,1,1,1,0,1,0,0,0,0,0,0,,,0.8557,51.0,162.954,0.0,0.211,0.0,GREEN,GREEN,GREEN,GREEN,GREEN,0,4,3,0,0.0,,,IGHV3-66*01,IGKV4-1*01,1,1
Ogalvibart,TheraSAbDab,2,Rework,2,7,38.69,38.692,,0,0,0,1,0,1,1,0,0,0,1,0,0,0,0,0,0,,,0.949,46.0,157.847,0.456,0.15,2.1,GREEN,GREEN,GREEN,GREEN,GREEN,0,2,0,0,0.0,,,IGHV3-30*01,IGKV1-5*01,1,1
Sudubrilimab,TheraSAbDab,1,Ready,0,5,27.95,25.945,,0,0,0,1,0,0,1,0,0,0,1,0,0,0,1,0,0,,,0.8571,45.0,149.279,1.256,0.0,4.41,GREEN,GREEN,AMBER,GREEN,GREEN,2.0,2,0,0,0.0,,,IGHV3-23*04,IGKV1-13*02,1,1
Bedinvetmab,TheraSAbDab,3,Immune risk,0,0,43.08,39.081,,0,0,0,1,0,0,1,1,1,0,1,0,1,1,0,0,0,,,0.8469,56.0,213.786,0.0,0.18,0.9,AMBER,AMBER,GREEN,GREEN,GREEN,4.0,3,0,0,0.0,,,IGHV3-NL1*01,IGLV1-40*01,1,1
Forimtamig,TheraSAbDab,1,Ready,0,3,19.56,19.556,,0,0,0,1,0,0,1,0,0,0,1,0,0,0,0,0,0,,,0.8367,49.0,168.013,0.0,0.444,3.3,GREEN,GREEN,GREEN,GREEN,GREEN,0,2,0,0,0.0,,,IGHV1-69*02,IGKV3-20*01,1,1
Nezutatug,TheraSAbDab,2,Rework,1,1,26.4,26.398,,0,0,0,1,0,0,1,0,0,0,1,0,0,0,0,0,0,,,0.8889,47.0,169.094,0.0,0.0,4.51,GREEN,GREEN,GREEN,GREEN,GREEN,0,2,1,0,0.0,,,IGHV4-31*01,IGKV1-12*01,1,1
Etigilimab,TheraSAbDab,1,Ready,0,1,18.87,18.869,,0,0,0,1,0,0,1,0,0,0,1,0,0,0,0,0,0,,,0.8969,45.0,160.438,0.0,0.0,15.0,GREEN,GREEN,GREEN,GREEN,GREEN,0,2,1,0,0.0,,,IGHV4-59*01,IGKV1-33*01,1,1
Rovelizumab,TheraSAbDab,1,Ready,0,5,20.42,18.422,,0,0,0,1,0,0,1,1,0,0,1,0,0,0,0,1,0,,,0.8061,51.0,142.266,0.264,3.16,-4.0,GREEN,GREEN,GREEN,AMBER,GREEN,2.0,2,1,0,0.0,,,IGHV1-3*01,IGKV1-39*01,1,1
Tovetumab,TheraSAbDab,2,Rework,1,7,24.82,24.823,,0,0,0,1,0,1,1,0,0,0,1,0,0,0,0,0,0,,,0.9796,48.0,184.629,0.0,0.0,12.0,GREEN,GREEN,GREEN,GREEN,GREEN,0,3,0,0,0.0,,,IGHV3-11*01,IGKV1-39*01,1,1
Ocaratuzumab,TheraSAbDab,1,Ready,0,4,21.03,21.029,,0,0,0,1,0,0,1,0,0,0,1,0,0,0,0,0,0,,,0.8367,47.0,171.602,0.0,0.0,5.0,GREEN,GREEN,GREEN,GREEN,GREEN,0,4,0,0,0.0,,,IGHV5-51*01,IGKV3-20*01,1,1
Nadecnemab,TheraSAbDab,2,Rework,2,5,32.79,32.788,,0,0,0,1,0,1,1,0,0,0,1,0,0,0,0,0,0,,,0.9592,51.0,167.574,0.0,0.0,3.3,GREEN,GREEN,GREEN,GREEN,GREEN,0,1,0,0,0.0,,,IGHV3-23*04,IGKV1-12*01,1,1
Bexatamig,TheraSAbDab,1,Ready,0,7,28.82,28.817,,0,0,0,1,0,0,1,1,0,0,1,0,0,0,0,0,0,,,0.8265,53.0,175.789,0.195,0.0,0.0,GREEN,GREEN,GREEN,GREEN,GREEN,0,4,1,0,0.0,,,IGHV5-10-1*04,IGKV4-1*01,1,1
Gorivitug,TheraSAbDab,2,Rework,2,6,30.06,30.062,,0,0,0,1,0,0,1,0,0,0,1,0,0,0,0,0,0,,,0.949,50.0,179.138,0.0,0.0,0.0,GREEN,GREEN,GREEN,GREEN,GREEN,0,3,0,0,0.0,,,IGHV3-64D*06,IGKV1-39*01,1,1
Firastotug,TheraSAbDab,3,Immune risk,0,0,27.6,27.598,,0,0,0,1,0,1,1,1,1,0,1,0,0,0,0,0,0,,,0.7755,44.0,137.917,0.537,0.237,6.6,GREEN,GREEN,GREEN,GREEN,GREEN,0,1,1,0,0.0,,,IGHV3-7*01,IGKV1-13*02,1,1
Sigvotatug,TheraSAbDab,3,Immune risk,0,0,26.55,24.555,,0,0,0,1,0,0,1,1,1,0,1,0,1,0,0,0,0,,,0.7959,43.0,152.016,0.071,0.141,4.0,AMBER,GREEN,GREEN,GREEN,GREEN,2.0,2,2,0,0.0,,,IGHV1-46*01,IGKV1-33*01,1,1
Evalstotug,TheraSAbDab,3,Immune risk,0,0,34.91,34.908,,0,0,0,1,0,0,1,0,1,0,1,0,0,0,0,0,0,,,0.9184,46.0,195.871,0.0,0.0,3.3,GREEN,GREEN,GREEN,GREEN,GREEN,0,2,0,0,0.0,,,IGHV3-30*01,IGKV1-13*02,1,1
Pemivibart,TheraSAbDab,2,Rework,2,7,33.29,31.29,,0,0,0,1,0,0,1,1,0,0,1,0,1,0,0,0,0,,,0.8866,57.0,197.393,0.0,1.231,-1.0,AMBER,GREEN,GREEN,GREEN,GREEN,2.0,2,0,0,0.0,,,IGHV3-21*08,IGLV1-40*01,1,1
Donzakimig2,TheraSAbDab,4,Hold,0,0,44.63,42.626,,0,1,0,1,0,0,1,1,0,1,1,0,1,0,0,0,0,,,0.8163,42.0,162.558,0.0,0.174,0.1,AMBER,GREEN,GREEN,GREEN,GREEN,2.0,3,2,0,0.0,,,IGHV1-69*02,IGKV1-39*01,1,1
Inezetamab_2,TheraSAbDab,4,Hold,0,0,46.31,46.314,,0,1,0,1,0,1,1,1,0,1,1,0,0,0,0,0,0,,,0.9388,44.0,165.637,0.141,0.0,10.5,GREEN,GREEN,GREEN,GREEN,GREEN,0,3,0,0,0.0,,,IGHV3-11*01,IGKV1-12*01,1,1
Berlimatoxumab,TheraSAbDab,2,Rework,3,1,26.84,26.843,,0,0,0,1,0,0,1,0,0,0,1,0,0,0,0,0,0,,,0.9495,46.0,154.973,0.22,0.568,12.2,GREEN,GREEN,GREEN,GREEN,GREEN,0,1,0,0,0.0,,,IGHV4-39*01,IGKV1-39*01,1,1
QHZ08643_QHZ08651,Patent text,2,Rework,3,4,41.08,41.076,,0,0,0,1,0,0,1,0,0,0,0,0,0,0,0,0,0,,,0.94,44.0,164.226,0.0,0.0,4.2,GREEN,GREEN,GREEN,GREEN,GREEN,0,0,0,0,0,,,IGHV2-5*02,IGKV1D-16*01,1,1
AFQ83141_AFQ83148,Patent text,2,Rework,1,2,27.43,25.432,,0,0,0,1,0,0,1,0,0,0,1,0,1,0,0,0,0,,,0.98,57.0,189.07,0.0,0.0,6.0,AMBER,GREEN,GREEN,GREEN,GREEN,2.0,1,1,0,0.0,,,IGHV2-5*02,IGKV3-20*01,1,1
AFO05311_AFO05305,Patent text,1,Ready,0,2,25.51,25.506,,0,0,0,1,0,0,1,0,0,0,1,0,0,0,0,0,0,,,0.8469,44.0,168.984,0.357,0.0,0.0,GREEN,GREEN,GREEN,GREEN,GREEN,0,3,0,0,0.0,,,IGHV1-69*02,IGKV3-20*01,1,1
UOS82608_UOS82606,Patent text,2,Rework,2,4,25.88,25.883,,0,0,0,1,0,0,1,1,0,0,1,0,0,0,0,0,0,,,0.8776,49.0,172.91,0.0,0.0,0.0,GREEN,GREEN,GREEN,GREEN,GREEN,0,3,1,0,0.0,,,IGHV1-46*01,IGKV3-15*01,1,1
XEF76981_XEF76997,Patent text,5,Out of range,0,0,58.38,52.382,,0,1,0,1,0,1,1,0,1,1,1,0,0,1,0,0,0,,,0.898,52.0,250.407,0.0,0.0,6.0,GREEN,RED,GREEN,GREEN,GREEN,6.0,2,0,0,0.0,,,IGHV3-30*01,IGLV3-21*03,1,1
QKO95500_QKO95510,Patent text,5,Out of range,0,0,37.75,35.752,,0,0,0,1,0,1,1,1,0,0,1,0,0,0,0,1,0,,,0.8247,45.0,181.582,0.0,1.997,-2.0,GREEN,GREEN,GREEN,AMBER,GREEN,2.0,2,0,0,0.0,,,IGHV3-66*01,IGKV1-5*01,1,1
WQA08152_WQA08155,Patent text,2,Rework,6,2,58.78,56.779,,0,0,0,1,0,0,1,0,0,0,1,0,0,1,0,0,0,,,0.8367,45.0,125.08,0.104,0.0,6.3,GREEN,AMBER,GREEN,GREEN,GREEN,2.0,2,0,0,0.0,,,IGHV1-69*01,IGKV3-11*02,1,1
ATL02311_ATL02325,Patent text,2,Rework,4,6,40.41,40.407,,0,0,1,1,0,0,1,1,0,0,1,0,0,0,0,0,0,,,0.9184,47.0,165.137,0.0,1.181,-4.0,GREEN,GREEN,GREEN,GREEN,GREEN,0,3,0,0,0.0,,,IGHV3-23*03,IGLV1-47*02,1,1
AED79545_AED79524,Patent text,1,Ready,0,3,23.72,23.719,,0,0,0,1,0,0,1,1,0,0,1,0,0,0,0,0,0,,,0.91,49.0,164.437,0.0,0.522,3.0,GREEN,GREEN,GREEN,GREEN,GREEN,0,2,0,0,0.0,,,IGHV2-5*02,IGKV1-39*01,1,1
AGA47745_AGA47786,Patent text,2,Rework,5,8,41.19,39.194,,0,0,1,1,0,0,1,1,0,0,1,0,0,0,1,0,0,,,0.8878,50.0,177.09,1.795,0.344,10.0,GREEN,GREEN,AMBER,GREEN,GREEN,2.0,3,0,0,0.0,,,IGHV3-23*01,IGKV1-39*01,1,1
WIS44244_WIS44245,Patent text,2,Rework,4,8,41.34,41.337,,0,0,0,1,0,1,1,1,0,0,1,0,0,0,0,0,0,,,0.9694,54.0,198.62,0.004,1.438,0.5,GREEN,GREEN,GREEN,GREEN,GREEN,0,4,0,0,0.0,,,IGHV3-30*01,IGLV3-21*03,1,1
AYJ12201_AYJ12193,Patent text,2,Rework,1,7,32.92,32.924,,0,0,0,1,0,1,1,0,0,0,1,1,0,0,0,0,0,,,0.8776,45.0,157.133,0.0,0.0,4.2,GREEN,GREEN,GREEN,GREEN,GREEN,0,3,2,1,0.0,,,IGHV3-64*07,IGKV1D-16*01,1,1
AYI23477_AYI23478,Patent text,2,Rework,3,4,39.43,35.434,,0,0,1,1,0,0,1,1,0,0,1,0,1,1,0,0,0,,,0.8469,55.0,216.608,0.029,0.5,-0.0,AMBER,AMBER,GREEN,GREEN,GREEN,4.0,2,1,0,0.0,,,IGHV1-69*06,IGLV3-1*01,1,1
QPY47384_QPY47389,Patent text,1,Ready,0,5,18.57,18.573,,0,0,0,1,0,0,1,0,0,0,1,0,0,0,0,0,0,,,0.85,49.0,163.187,0.229,0.0,6.51,GREEN,GREEN,GREEN,GREEN,GREEN,0,3,0,0,0.0,,,IGHV3-15*07,IGKV3-15*01,1,1
UCY67266_UCY67310,Patent text,2,Rework,1,7,29.26,29.263,,0,0,0,1,0,1,1,0,0,0,0,0,0,0,0,0,0,,,0.9082,49.0,171.479,0.111,0.0,0.2,GREEN,GREEN,GREEN,GREEN,GREEN,0,0,0,0,0,,,IGHV3-23*01,IGKV3-20*01,1,1
QFO65457_QFO65461,Patent text,2,Rework,1,6,27.22,27.224,,0,0,0,1,0,1,1,0,0,0,1,0,0,0,0,0,0,,,1.0,45.0,160.445,0.0,0.0,9.0,GREEN,GREEN,GREEN,GREEN,GREEN,0,2,0,0,0.0,,,IGHV3-11*01,IGKV1-39*01,1,1
AZJ55701_AZJ55702,Patent text,3,Immune risk,0,0,20.28,18.277,,0,0,0,1,0,0,1,1,1,0,1,0,0,0,1,0,0,,,0.7755,51.0,145.417,1.372,0.0,3.0,GREEN,GREEN,AMBER,GREEN,GREEN,2.0,2,0,0,0.0,,,IGHV1-69*01,IGKV1-39*01,1,1
AGN05394_AGN05393,Patent text,5,Out of range,0,0,43.77,43.775,,1,1,1,1,0,0,1,1,1,0,1,0,0,0,0,0,0,,,0.7959,,,,,,,,,,,0,1,0,0,0.0,,,IGHV3-30-3*02,IGLV2-11*01,0,1
QPT61267_QPT61271,Patent text,2,Rework,2,7,39.51,37.514,,0,0,0,1,0,0,1,1,0,0,1,0,0,1,0,0,0,,,0.9592,48.0,203.497,0.0,0.048,-4.0,GREEN,AMBER,GREEN,GREEN,GREEN,2.0,0,1,0,0.0,,,IGHV3-23*04,IGLV3-25*02,1,1
QNB61443_QNB61406,Patent text,2,Rework,3,6,41.61,41.611,,0,0,0,1,0,0,1,0,0,0,1,1,0,0,0,0,0,,,0.8454,49.0,159.432,0.156,0.0,8.4,GREEN,GREEN,GREEN,GREEN,GREEN,0,3,0,1,0.0,,,IGHV3-66*01,IGKV2-30*01,1,1
QRJ74604_QRJ74588,Patent text,2,Rework,5,6,55.56,51.556,,0,0,0,1,0,0,1,1,0,0,1,0,0,1,1,0,0,,,0.8776,51.0,212.786,1.309,0.0,-3.6,GREEN,AMBER,AMBER,GREEN,GREEN,4.0,3,1,0,0.0,,,IGHV3-7*01,IGLV3-21*01,1,1
AED79547_AED79525,Patent text,3,Immune risk,0,0,33.89,29.888,,0,0,0,1,0,0,1,1,1,0,1,0,0,0,0,1,1,,,0.91,49.0,160.71,0.0,2.249,-6.0,GREEN,GREEN,GREEN,AMBER,AMBER,4.0,2,1,0,0.0,,,IGHV2-5*02,IGKV1-13*02,1,1
WIS43394_WIS43393,Patent text,5,Out of range,0,0,35.98,27.978,,0,0,0,1,0,0,1,0,0,0,0,0,1,1,0,0,0,,,1.0,61.0,257.683,0.0,0.0,0.3,AMBER,RED,GREEN,GREEN,GREEN,8.0,0,0,0,0,,,IGHV1-46*01,IGLV7-43*01,1,1
QRK67310_QRK67314,Patent text,2,Rework,3,8,35.18,33.177,,0,0,0,1,0,0,1,1,0,0,1,0,0,1,0,0,0,,,0.8776,49.0,217.298,1.12,1.419,-0.8,GREEN,AMBER,GREEN,GREEN,GREEN,2.0,3,0,0,0.0,,,IGHV3-23*01,IGLV3-1*01,1,1
QPT68137_QPT68144,Patent text,2,Rework,2,8,27.67,27.669,,0,0,0,1,0,0,1,0,0,0,1,0,0,0,0,0,0,,,0.9082,47.0,189.35,1.117,0.077,1.1,GREEN,GREEN,GREEN,GREEN,GREEN,0,1,0,0,0.0,,,IGHV1-2*06,IGLV3-1*01,1,1
QRJ91484_QRJ91510,Patent text,3,Immune risk,0,0,46.12,42.123,,0,0,0,1,0,1,1,1,1,0,1,1,0,0,0,1,1,,,0.8673,49.0,178.171,0.0,1.75,-6.0,GREEN,GREEN,GREEN,AMBER,AMBER,4.0,3,1,1,0.0,,,IGHV3-23*04,IGKV4-1*01,1,1
AOB91647_AOB91644,Patent text,5,Out of range,0,0,29.13,29.131,,1,1,0,1,0,0,1,0,0,0,1,0,0,0,0,0,0,,,0.8163,,,,,,,,,,,0,1,0,0,0.0,,,IGHV3-23*04,IGKV1-39*01,0,1
WIS43812_WIS43811,Patent text,4,Hold,0,0,59.54,55.538,,0,1,0,1,0,0,1,1,0,1,1,0,0,1,1,0,0,,,0.9286,52.0,210.793,1.324,0.08,1.1,GREEN,AMBER,AMBER,GREEN,GREEN,4.0,1,1,0,0.0,,,IGHV3-23*01,IGLV3-10*01,1,1
QXD47937_QXD47965,Patent text,2,Rework,1,7,34.16,34.157,,0,0,0,1,0,0,1,0,0,0,1,0,0,0,0,0,0,,,0.9592,50.0,164.943,0.136,1.343,6.2,GREEN,GREEN,GREEN,GREEN,GREEN,0,2,0,0,0.0,,,IGHV3-33*01,IGKV1D-16*01,1,1
XEF76947_XEF77001,Patent text,3,Immune risk,0,0,34.98,34.978,,0,0,0,1,0,0,1,1,1,0,1,0,0,0,0,0,0,,,0.8144,52.0,199.957,0.0,0.857,0.0,GREEN,GREEN,GREEN,GREEN,GREEN,0,3,0,0,0.0,,,IGHV3-66*01,IGLV3-19*01,1,1
WIS43530_WIS43531,Patent text,2,Rework,2,6,43.31,43.314,,0,0,0,1,0,0,1,1,0,0,1,0,0,0,0,0,0,,,0.8485,49.0,196.553,0.0,0.0,-1.1,GREEN,GREEN,GREEN,GREEN,GREEN,0,1,2,0,0.0,,,IGHV3-9*01,IGKV1-12*01,1,1
UOK24206_UOK24205,Patent text,2,Rework,2,5,26.54,26.545,,0,0,0,1,0,0,1,0,0,0,1,0,0,0,0,0,0,,,0.8673,47.0,150.769,0.052,0.037,6.0,GREEN,GREEN,GREEN,GREEN,GREEN,0,2,1,0,0.0,,,IGHV1-3*01,IGKV1-39*01,1,1
QXD47930_QXD47957,Patent text,2,Rework,1,6,31.83,31.831,,0,0,0,1,0,0,1,0,0,0,1,0,0,0,0,0,0,,,0.9388,47.0,175.07,0.287,0.044,12.0,GREEN,GREEN,GREEN,GREEN,GREEN,0,2,0,0,0.0,,,IGHV3-7*01,IGKV1-12*01,1,1
AJN67464_AJN67467,Patent text,3,Immune risk,0,0,22.81,22.814,,0,0,0,1,0,0,1,0,1,0,1,0,0,0,0,0,0,,,0.7959,51.0,177.316,0.16,0.0,0.0,GREEN,GREEN,GREEN,GREEN,GREEN,0,1,1,0,0.0,,,IGHV1-2*02,IGKV2-28*01,1,1
UCY51525_UCY51528,Patent text,2,Rework,2,6,37.01,35.013,,0,0,0,1,0,0,1,1,0,0,1,0,1,0,0,0,0,,,0.898,57.0,167.07,0.616,0.0,0.0,AMBER,GREEN,GREEN,GREEN,GREEN,2.0,3,0,0,0.0,,,IGHV3-23*04,IGKV2-28*01,1,1
QFP26064_QFP26068,Patent text,5,Out of range,0,0,34.48,32.476,,0,0,0,1,0,1,1,0,0,0,1,0,1,0,0,0,0,,,0.9592,43.0,181.209,0.0,0.0,12.0,AMBER,GREEN,GREEN,GREEN,GREEN,2.0,3,0,0,0.0,,,IGHV3-21*01,IGKV1-27*01,1,1
QXD47938_QXD47988,Patent text,4,Hold,0,0,48.96,48.962,,0,1,1,1,0,0,1,0,0,1,1,0,0,0,0,0,0,,,0.949,51.0,178.439,0.0,0.101,-1.8,GREEN,GREEN,GREEN,GREEN,GREEN,0,2,0,0,0.0,,,IGHV3-33*01,IGKV3-20*01,1,1
WON51798_WON51802,Patent text,5,Out of range,0,0,54.77,44.773,,0,1,0,1,0,1,1,1,1,1,1,0,1,1,0,1,0,,,0.7143,61.0,203.429,0.0,9.99,69.42,AMBER,AMBER,GREEN,RED,GREEN,10.0,1,0,0,0.0,,,IGHV3-23*01,IGLV3-25*02,1,1
AJO52606_AJO52576,Patent text,4,Hold,0,0,61.23,55.234,,0,1,0,1,0,0,1,1,1,1,1,0,1,0,1,1,0,,,0.6837,56.0,162.742,1.202,2.491,-0.0,AMBER,GREEN,AMBER,AMBER,GREEN,6.0,3,0,0,0.0,,,IGHV3-30*02,IGLV3-25*02,1,1
WON35155_WON35152,Patent text,1,Ready,0,5,30.79,30.792,,0,0,0,1,0,1,1,0,0,0,1,0,0,0,0,0,0,,,0.8557,54.0,150.833,0.113,0.0,10.71,GREEN,GREEN,GREEN,GREEN,GREEN,0,3,0,0,0.0,,,IGHV3-21*08,IGKV1-39*01,1,1
XEF76972_XEF77004,Patent text,4,Hold,0,0,51.16,49.156,,0,1,0,1,0,0,1,1,1,1,1,0,0,1,0,0,0,,,0.6837,51.0,214.881,0.0,0.0,0.2,GREEN,AMBER,GREEN,GREEN,GREEN,2.0,2,0,0,0.0,,,IGHV3-23*02,IGLV1-51*01,1,1
WFR16760_WFR16813,Patent text,1,Ready,0,5,18.45,16.45,,0,0,0,1,0,0,1,0,0,0,1,0,1,0,0,0,0,,,0.8265,42.0,166.341,0.897,0.0,6.3,AMBER,GREEN,GREEN,GREEN,GREEN,2.0,2,0,0,0.0,,,IGHV1-46*01,IGKV3-20*01,1,1
QPY69774_QPY69775,Patent text,2,Rework,4,5,39.44,39.443,,0,0,0,1,0,0,1,0,0,0,1,1,0,0,0,0,0,,,0.9286,49.0,180.468,0.04,0.101,0.22,GREEN,GREEN,GREEN,GREEN,GREEN,0,3,0,1,0.0,,,IGHV7-4-1*02,IGKV4-1*01,1,1
QRJ91538_QRJ91494,Patent text,2,Rework,3,5,32.78,32.779,,0,0,0,1,0,0,1,1,0,0,1,0,0,0,0,0,0,,,0.949,48.0,189.864,0.0,0.187,0.0,GREEN,GREEN,GREEN,GREEN,GREEN,0,1,0,0,0.0,,,IGHV1-18*01,IGLV3-25*02,1,1
QPX83414_QPX83408,Patent text,2,Rework,2,6,37.06,37.059,,0,0,0,1,0,0,1,1,0,0,1,0,0,0,0,0,0,,,0.8247,54.0,175.307,0.387,0.237,-4.0,GREEN,GREEN,GREEN,GREEN,GREEN,0,2,1,0,0.0,,,IGHV3-66*01,IGKV1-5*01,1,1
WIS44534_WIS44533,Patent text,2,Rework,5,7,47.05,45.054,,0,0,1,1,0,0,1,0,0,0,1,0,1,0,0,0,0,,,0.9796,55.0,182.197,0.073,0.0,8.61,AMBER,GREEN,GREEN,GREEN,GREEN,2.0,3,1,0,0.0,,,IGHV3-74*03,IGKV4-1*01,1,1
QXD47938_QXD47982,Patent text,2,Rework,2,7,33.42,33.423,,0,0,1,1,0,0,1,0,0,0,1,0,0,0,0,0,0,,,0.949,51.0,196.33,0.0,0.1,-1.8,GREEN,GREEN,GREEN,GREEN,GREEN,0,2,0,0,0.0,,,IGHV3-33*01,IGKV3-20*01,1,1
WYF29742_WYF29745,Patent text,2,Rework,1,4,33.21,33.21,,0,0,0,1,0,0,1,0,0,0,1,0,0,0,0,0,0,,,0.8247,45.0,169.125,0.0,0.0,4.0,GREEN,GREEN,GREEN,GREEN,GREEN,0,1,1,0,0.0,,,IGHV4-4*08,IGKV3-11*01,1,1
XEF10564_XEF10565,Patent text,2,Rework,1,5,38.33,34.331,,0,0,1,1,0,0,1,1,0,0,1,0,0,1,1,0,0,,,0.8351,51.0,212.981,1.471,0.216,0.0,GREEN,AMBER,AMBER,GREEN,GREEN,4.0,3,0,0,0.0,,,IGHV4-59*01,IGLV3-1*01,1,1
AUF47628_H_AUF47629_L,Patent text,2,Rework,3,5,34.04,34.039,,0,0,0,1,0,0,1,0,0,0,1,0,0,0,0,0,0,,,0.8163,49.0,170.438,0.0,0.281,3.1,GREEN,GREEN,GREEN,GREEN,GREEN,0,1,2,0,0.0,,,IGHV1-2*02,IGKV1-27*01,1,1
WFJ33976_WFJ33975,Patent text,3,Immune risk,0,0,34.13,34.128,,0,0,0,1,0,0,1,1,1,0,1,0,0,0,0,0,0,,,0.8367,46.0,168.474,1.15,1.115,1.9,GREEN,GREEN,GREEN,GREEN,GREEN,0,2,1,0,0.0,,,IGHV3-30*01,IGLV3-25*02,1,1
QPY51154_QPY51159,Patent text,1,Ready,0,5,18.6,18.596,,0,0,0,1,0,0,1,0,0,0,1,0,0,0,0,0,0,,,0.86,49.0,162.761,0.364,0.0,12.71,GREEN,GREEN,GREEN,GREEN,GREEN,0,3,0,0,0.0,,,IGHV3-15*07,IGKV3-15*01,1,1
QFN62620_QFN62621,Patent text,2,Rework,1,7,32.08,30.079,,0,0,0,1,0,0,1,0,0,0,1,0,1,0,0,0,0,,,0.9286,43.0,157.703,0.0,0.0,4.0,AMBER,GREEN,GREEN,GREEN,GREEN,2.0,1,0,0,0.0,,,IGHV3-23*01,IGKV1-39*01,1,1
UOS92906_UOS92939,Patent text,1,Ready,0,0,22.12,22.118,,0,0,0,1,0,1,1,0,0,0,0,0,0,0,0,0,0,,,0.9596,48.0,167.753,1.129,0.0,12.6,GREEN,GREEN,GREEN,GREEN,GREEN,0,0,0,0,0,,,IGHV4-39*01,IGKV3-20*01,1,1
UCX22885_UCX22890,Patent text,2,Rework,1,7,35.7,33.698,,0,0,0,1,0,0,1,0,0,0,1,0,1,0,0,0,0,,,0.8673,42.0,167.292,0.0,0.341,0.0,AMBER,GREEN,GREEN,GREEN,GREEN,2.0,2,0,0,0.0,,,IGHV3-74*01,IGKV3-20*01,1,1
AFC06292_AFC06298,Patent text,2,Rework,3,9,39.45,39.451,,0,0,0,1,0,1,1,1,0,0,1,0,0,0,0,0,0,,,0.9694,52.0,191.438,0.058,1.58,-3.8,GREEN,GREEN,GREEN,GREEN,GREEN,0,3,1,0,0.0,,,IGHV3-30*18,IGLV3-21*02,1,1
AJL99738_AJL99739,Patent text,5,Out of range,0,0,37.01,35.011,,0,0,0,1,0,1,1,1,0,0,1,0,0,0,1,0,0,,,0.9694,52.0,162.634,1.238,0.132,12.0,GREEN,GREEN,AMBER,GREEN,GREEN,2.0,1,0,0,0.0,,,IGHV3-11*01,IGKV1-17*01,1,1
WQB10191_WQB10217,Patent text,3,Immune risk,0,0,28.37,26.367,,0,0,0,1,0,0,1,1,0,0,1,0,0,0,0,0,1,,,0.8571,45.0,162.419,1.124,0.71,-10.2,GREEN,GREEN,GREEN,GREEN,AMBER,2.0,5,0,0,0.0,,,IGHV1-69*01,IGKV1D-7-1*01,1,1
WIS43966_WIS43965,Patent text,2,Rework,3,8,45.04,41.039,,0,0,0,1,0,0,1,0,0,0,1,0,0,1,1,0,0,,,0.9691,46.0,203.837,1.302,0.0,2.2,GREEN,AMBER,AMBER,GREEN,GREEN,4.0,2,0,0,0.0,,,IGHV3-53*01,IGLV3-19*01,1,1
XEF76983_XEF77000,Patent text,5,Out of range,0,0,58.8,52.802,,0,1,0,1,0,1,1,0,1,1,1,0,0,1,0,0,0,,,0.8265,52.0,226.815,0.037,1.058,6.0,GREEN,RED,GREEN,GREEN,GREEN,6.0,2,1,0,0.0,,,IGHV3-23*03,IGKV1-12*01,1,1
QCA96599_QCA96597,Patent text,4,Hold,0,0,57.13,57.127,,0,1,0,1,0,1,1,1,1,1,1,0,0,0,0,0,0,,,0.5408,46.0,138.418,0.0,1.269,1.0,GREEN,GREEN,GREEN,GREEN,GREEN,0,2,1,0,0.0,,,IGHV3-23*03,IGKV1-6*01,1,1
ACW20455_ACW20630,Patent text,3,Immune risk,0,0,26.95,26.946,,0,0,1,1,0,0,1,0,1,0,1,0,0,0,0,0,0,,,0.79,47.0,152.72,0.153,0.0,0.21,GREEN,GREEN,GREEN,GREEN,GREEN,0,3,2,0,0.0,,,IGHV3-72*01,IGKV6-21*01,1,1
UOS92901_UOS92940,Patent text,1,Ready,0,0,23.08,23.081,,0,0,0,1,0,1,1,0,0,0,1,0,0,0,0,0,0,,,0.9596,48.0,163.344,0.0,0.0,0.0,GREEN,GREEN,GREEN,GREEN,GREEN,0,1,0,0,0.0,,,IGHV4-39*01,IGKV3-20*01,1,1
QRK67954_QRK67965,Patent text,2,Rework,2,3,26.18,24.181,,0,0,0,1,0,0,1,0,0,0,1,0,1,0,0,0,0,,,0.8265,41.0,151.936,0.0,0.0,2.0,AMBER,GREEN,GREEN,GREEN,GREEN,2.0,1,2,0,0.0,,,IGHV1-46*01,IGKV1-39*01,1,1
AJN57686_AJN57687,Patent text,5,Out of range,0,0,31.36,31.36,,1,0,0,1,0,0,1,1,1,0,0,0,0,0,0,0,0,,,0.732,,,,,,,,,,,0,0,0,0,0,,,IGHV3-66*01,IGKV6-21*01,0,0
UOS92905_UOS92932,Patent text,1,Ready,0,0,27.34,27.339,,0,0,0,1,0,1,1,1,0,0,1,0,0,0,0,0,0,,,0.9495,48.0,150.636,0.0,0.0,-3.69,GREEN,GREEN,GREEN,GREEN,GREEN,0,2,0,0,0.0,,,IGHV4-39*01,IGKV3-20*01,1,1
ADL90521_ADL90611,Patent text,2,Rework,2,5,28.17,28.168,,0,0,0,1,0,0,1,0,0,0,1,0,0,0,0,0,0,,,0.9082,52.0,180.289,0.101,0.0,4.0,GREEN,GREEN,GREEN,GREEN,GREEN,0,1,1,0,0.0,,,IGHV3-33*01,IGKV1-39*01,1,1
AZJ63367_AZJ63368,Patent text,2,Rework,2,4,26.58,26.584,,0,0,0,1,0,0,1,0,0,0,1,0,0,0,0,0,0,,,0.93,46.0,161.773,0.516,0.0,30.5,GREEN,GREEN,GREEN,GREEN,GREEN,0,1,1,0,0.0,,,IGHV3-73*01,IGKV1-17*01,1,1
AZJ92474_AZJ92475,Patent text,2,Rework,4,5,42.78,42.778,,0,0,0,1,0,0,1,1,0,0,1,0,0,0,0,0,0,,,0.8557,51.0,160.464,0.0,0.819,0.0,GREEN,GREEN,GREEN,GREEN,GREEN,0,4,0,0,0.0,,,IGHV3-66*01,IGKV1-5*01,1,1
WPT34108_WPT34113,Patent text,1,Ready,0,3,19.05,19.049,,0,0,0,1,0,0,1,0,0,0,0,0,0,0,0,0,0,,,0.9592,48.0,154.833,0.12,0.059,9.0,GREEN,GREEN,GREEN,GREEN,GREEN,0,0,0,0,0,,,IGHV1-69*01,IGKV3-15*01,1,1
QPW85439_QPW85547,Patent text,2,Rework,3,1,31.9,31.901,,0,0,0,1,0,0,1,1,0,0,0,0,0,0,0,0,0,,,0.9897,48.0,167.143,0.688,0.0,5.0,GREEN,GREEN,GREEN,GREEN,GREEN,0,0,0,0,0,,,IGHV4-4*07,IGLV1-44*01,1,1
AYH67412_AYH67413,Patent text,2,Rework,1,6,25.31,25.308,,0,0,0,1,0,1,1,1,0,0,1,0,0,0,0,0,0,,,0.949,45.0,169.11,0.0,0.135,0.0,GREEN,GREEN,GREEN,GREEN,GREEN,0,1,0,0,0.0,,,IGHV3-23*01,IGKV1-39*01,1,1
QCA98994_QCA98999,Patent text,2,Rework,1,4,27.49,27.494,,0,0,0,1,0,0,1,0,0,0,1,0,0,0,0,0,0,,,0.8367,50.0,172.123,0.108,0.149,0.0,GREEN,GREEN,GREEN,GREEN,GREEN,0,0,2,0,0.0,,,IGHV1-3*01,IGKV4-1*01,1,1
AYH97992_AYH97996,Patent text,3,Immune risk,0,0,33.9,33.897,,0,0,0,1,0,0,1,1,1,0,1,0,0,0,0,0,0,,,0.7245,49.0,163.435,0.0,0.0,0.0,GREEN,GREEN,GREEN,GREEN,GREEN,0,2,0,0,0.0,,,IGHV1-2*02,IGKV2-28*01,1,1
WFR17485_WFR17476,Patent text,2,Rework,1,5,24.21,24.207,,0,0,0,1,0,0,1,1,0,0,1,0,0,0,0,0,0,,,0.8878,47.0,175.022,0.0,0.0,0.0,GREEN,GREEN,GREEN,GREEN,GREEN,0,3,0,0,0.0,,,IGHV3-23*03,IGLV3-25*02,1,1
AVC62302_AVC62304,Patent text,2,Rework,1,6,34.16,32.155,,0,0,0,1,0,0,1,1,0,0,1,0,1,0,0,0,0,,,0.8776,43.0,155.262,0.05,0.11,0.0,AMBER,GREEN,GREEN,GREEN,GREEN,2.0,3,0,0,0.0,,,IGHV3-48*01,IGKV1D-16*01,1,1
WIO25623_WIO25652,Patent text,2,Rework,1,2,23.32,23.318,,0,0,0,1,0,1,1,0,0,0,1,0,0,0,0,0,0,,,0.9592,49.0,184.489,0.045,0.0,4.41,GREEN,GREEN,GREEN,GREEN,GREEN,0,4,0,0,0.0,,,IGHV1-69*01,IGKV3-20*01,1,1
UOS92925_UOS92933,Patent text,1,Ready,0,6,27.49,27.492,,0,0,0,1,0,1,1,1,0,0,1,0,0,0,0,0,0,,,0.9388,47.0,155.973,0.112,0.0,3.41,GREEN,GREEN,GREEN,GREEN,GREEN,0,2,0,0,0.0,,,IGHV3-23*01,IGKV3-20*01,1,1
WON36038_WON36071,Patent text,3,Immune risk,0,0,29.84,29.837,,0,0,0,1,0,0,1,0,1,0,1,0,0,0,0,0,0,,,0.8866,50.0,166.379,0.075,0.169,4.4,GREEN,GREEN,GREEN,GREEN,GREEN,0,2,1,0,0.0,,,IGHV4-4*08,IGKV3-11*01,1,1
AJL01228_AJL01229,Patent text,2,Rework,2,6,23.4,23.396,,0,0,0,1,0,0,1,0,0,0,1,1,0,0,0,0,0,,,0.9082,50.0,155.743,0.107,0.0,8.0,GREEN,GREEN,GREEN,GREEN,GREEN,0,4,0,1,0.0,,,IGHV3-23*04,IGKV1-39*01,1,1
UCX08233_UCX08235,Patent text,2,Rework,1,6,26.05,26.048,,0,0,0,1,0,0,1,0,0,0,1,0,0,0,0,0,0,,,0.9796,47.0,183.987,0.0,0.0,0.0,GREEN,GREEN,GREEN,GREEN,GREEN,0,1,0,0,0.0,,,IGHV3-23*01,IGLV1-44*01,1,1
QYQ63264_QYQ63265,Patent text,3,Immune risk,0,0,38.28,36.278,,0,0,0,1,0,0,1,1,1,0,1,0,0,0,0,0,1,,,0.5612,51.0,180.475,0.57,0.556,-12.0,GREEN,GREEN,GREEN,GREEN,AMBER,2.0,2,2,0,0.0,,,IGHV3-64*04,IGKV1-5*01,1,1
WFR17449_WFR17494,Patent text,5,Out of range,0,0,24.12,24.119,,1,0,0,1,0,0,1,1,0,0,1,0,0,0,0,0,0,,,0.8878,,,,,,,,,,,0,2,0,0,0.0,,,IGHV3-23*03,IGLV3-25*02,0,1
AHD30549_AHD30574,Patent text,2,Rework,2,6,32.15,32.146,,0,0,0,1,0,0,1,1,0,0,1,0,0,0,0,0,0,,,0.8571,45.0,141.749,0.0,0.239,-3.0,GREEN,GREEN,GREEN,GREEN,GREEN,0,3,1,0,0.0,,,IGHV1-18*01,IGKV1-12*01,1,1
AFX11306_AFX11353,Patent text,4,Hold,0,0,49.91,49.906,,0,1,0,1,0,0,1,0,1,1,1,0,0,0,0,0,0,,,0.6224,50.0,174.915,0.047,0.0,4.4,GREEN,GREEN,GREEN,GREEN,GREEN,0,2,1,0,0.0,,,IGHV3-23*01,IGKV1-5*03,1,1
AWT73947_AWT73948,Patent text,2,Rework,1,4,22.86,22.861,,0,0,0,1,0,0,1,0,0,0,1,0,0,0,0,0,0,,,0.8469,47.0,159.684,0.0,0.096,0.0,GREEN,GREEN,GREEN,GREEN,GREEN,0,1,1,0,0.0,,,IGHV1-3*01,IGKV2-30*01,1,1
UCY66767_UCY66769,Patent text,2,Rework,1,6,28.93,28.925,,0,0,0,1,0,0,1,0,0,0,1,0,0,0,0,0,0,,,0.9082,49.0,156.507,0.0,1.419,0.0,GREEN,GREEN,GREEN,GREEN,GREEN,0,4,0,0,0.0,,,IGHV3-11*01,IGKV1D-7-1*01,1,1
QTW38328_QTW38329,Patent text,2,Rework,1,5,23.36,23.359,,0,0,1,1,0,0,1,0,0,0,1,0,0,0,0,0,0,,,0.898,46.0,144.784,0.206,0.0,12.0,GREEN,GREEN,GREEN,GREEN,GREEN,0,1,2,0,0.0,,,IGHV1-2*02,IGKV1-39*01,1,1
AGO80667_AGO80668,Patent text,3,Immune risk,0,0,32.31,30.306,,0,0,0,1,0,0,1,1,0,0,1,1,0,0,0,0,1,,,0.9091,48.0,144.665,0.099,0.38,-4.5,GREEN,GREEN,GREEN,GREEN,AMBER,2.0,5,0,2,0.0,,,IGHV3-9*01,IGKV1-27*01,1,1
QRK72486_QRK72503,Patent text,2,Rework,1,3,28.55,28.552,,0,0,0,1,0,1,1,0,0,0,1,0,0,0,0,0,0,,,0.8367,49.0,168.844,0.0,0.0,0.0,GREEN,GREEN,GREEN,GREEN,GREEN,0,4,0,0,0.0,,,IGHV1-46*01,IGKV3-20*01,1,1
AHD30551_AHD30574,Patent text,3,Immune risk,0,0,34.27,32.267,,0,0,0,1,0,0,1,1,0,0,1,0,0,0,0,0,1,,,0.8571,45.0,147.158,0.0,0.361,-12.0,GREEN,GREEN,GREEN,GREEN,AMBER,2.0,3,1,0,0.0,,,IGHV1-18*01,IGKV1-12*01,1,1
QHX89537_QHX89538,Patent text,2,Rework,3,3,34.92,32.918,,0,0,0,1,0,0,1,0,0,0,1,0,0,1,0,0,0,,,0.9898,51.0,208.196,1.133,0.0,12.3,GREEN,AMBER,GREEN,GREEN,GREEN,2.0,2,0,0,0.0,,,IGHV1-3*01,IGLV1-44*01,1,1
QHZ10875_QHZ10879,Patent text,2,Rework,2,2,26.3,24.303,,0,0,0,1,0,0,1,1,0,0,1,0,0,1,0,0,0,,,0.9604,51.0,220.69,0.609,0.0,8.4,GREEN,AMBER,GREEN,GREEN,GREEN,2.0,1,0,0,0.0,,,IGHV6-1*01,IGKV1-39*01,1,1
UCY67275_UCY67308,Patent text,2,Rework,1,6,29.67,29.673,,0,0,0,1,0,0,1,1,0,0,0,0,0,0,0,0,0,,,0.898,49.0,164.271,0.0,0.354,0.0,GREEN,GREEN,GREEN,GREEN,GREEN,0,0,0,0,0,,,IGHV3-23*01,IGKV3-20*01,1,1
ATK57790_ATK57792,Patent text,2,Rework,2,7,35.6,35.596,,0,0,0,1,0,0,1,1,0,0,1,0,0,0,0,0,0,,,0.9082,46.0,184.712,1.117,0.657,1.1,GREEN,GREEN,GREEN,GREEN,GREEN,0,1,0,0,0.0,,,IGHV3-23*04,IGLV3-1*01,1,1
AED79536_AED79518,Patent text,1,Ready,0,3,23.45,23.452,,0,0,0,1,0,0,1,0,0,0,1,0,0,0,0,0,0,,,0.9,49.0,170.637,0.191,0.0,12.0,GREEN,GREEN,GREEN,GREEN,GREEN,0,2,1,0,0.0,,,IGHV2-5*09,IGKV1-12*01,1,1
XEF76237_XEF76255,Patent text,2,Rework,1,3,28.59,28.591,,0,0,0,1,0,1,1,0,0,0,1,0,0,0,0,0,0,,,0.8367,49.0,142.602,0.0,0.0,2.0,GREEN,GREEN,GREEN,GREEN,GREEN,0,4,1,0,0.0,,,IGHV1-46*01,IGKV3-20*01,1,1
QCA98984_QCA98989,Patent text,2,Rework,1,4,27.23,27.23,,0,0,0,1,0,0,1,1,0,0,1,0,0,0,0,0,0,,,0.8367,50.0,175.187,0.23,0.694,0.0,GREEN,GREEN,GREEN,GREEN,GREEN,0,0,2,0,0.0,,,IGHV1-3*01,IGKV4-1*01,1,1
WVS66473_WVS66581,Patent text,4,Hold,0,0,45.08,45.079,,0,1,0,1,0,1,1,0,0,1,0,0,0,0,0,0,0,,,0.99,49.0,148.512,0.0,0.0,4.0,GREEN,GREEN,GREEN,GREEN,GREEN,0,0,0,0,0,,,IGHV2-5*02,IGKV3-20*01,1,1
AJM32563_AJM32567,Patent text,2,Rework,1,5,29.16,27.161,,0,0,0,1,0,0,1,1,0,0,1,0,1,0,0,0,0,,,0.9286,57.0,192.415,0.034,0.623,-3.19,AMBER,GREEN,GREEN,GREEN,GREEN,2.0,1,0,0,0.0,,,IGHV1-24*01,IGKV2-28*01,1,1
QHX11169_QHX11165,Patent text,2,Rework,3,1,38.59,36.591,,0,0,0,1,0,0,1,1,0,0,1,0,1,0,0,0,0,,,0.9082,55.0,164.69,0.0,0.0,2.0,AMBER,GREEN,GREEN,GREEN,GREEN,2.0,2,0,0,0.0,,,IGHV4-38-2*02,IGKV2-28*01,1,1
WIS43950_WIS43949,Patent text,1,Ready,0,6,25.62,25.62,,0,0,0,1,0,0,1,1,0,0,1,0,0,0,0,0,0,,,0.949,54.0,175.501,0.0,0.107,-3.0,GREEN,GREEN,GREEN,GREEN,GREEN,0,4,0,0,0.0,,,IGHV3-30*18,IGKV1-33*01,1,1
QXD47936_QXD47985,Patent text,2,Rework,1,6,29.06,29.065,,0,0,0,1,0,1,1,0,0,0,1,0,0,0,0,0,0,,,0.949,51.0,191.363,0.035,1.344,0.2,GREEN,GREEN,GREEN,GREEN,GREEN,0,1,0,0,0.0,,,IGHV3-33*01,IGKV3-20*01,1,1
XEF82466_XEF82455,Patent text,2,Rework,3,6,36.84,34.842,,0,0,0,1,0,0,1,0,0,0,1,0,1,0,0,0,0,,,0.8265,57.0,192.198,0.008,0.108,0.42,AMBER,GREEN,GREEN,GREEN,GREEN,2.0,3,1,0,0.0,,,IGHV1-46*01,IGLV2-8*01,1,1
AOH92976_AOH92978,Patent text,2,Rework,4,4,43.17,41.166,,0,0,0,1,0,0,1,1,0,0,1,0,1,0,0,0,0,,,0.9,56.0,192.557,0.079,1.405,-1.6,AMBER,GREEN,GREEN,GREEN,GREEN,2.0,3,1,0,0.0,,,IGHV2-70*04,IGKV3-11*01,1,1
UOS92924_UOS92934,Patent text,1,Ready,0,5,24.24,24.24,,0,0,0,1,0,0,1,0,0,0,1,0,0,0,0,0,0,,,0.9694,46.0,169.71,0.013,0.0,2.2,GREEN,GREEN,GREEN,GREEN,GREEN,0,2,0,0,0.0,,,IGHV3-11*01,IGKV3-20*01,1,1
QFN28459_QFN28495,Patent text,2,Rework,4,7,42.3,40.296,,0,0,1,1,0,0,1,0,0,0,1,0,1,0,0,0,0,,,0.8776,55.0,175.247,0.228,0.126,0.2,AMBER,GREEN,GREEN,GREEN,GREEN,2.0,5,3,0,0.0,,,IGHV3-23*01,IGKV1-13*02,1,1
AQN64925_AQN64919,Patent text,2,Rework,3,10,43.06,41.061,,0,0,0,1,0,0,1,1,0,0,1,0,0,0,0,1,0,,,0.9082,47.0,196.142,0.0,2.348,-2.9,GREEN,GREEN,GREEN,AMBER,GREEN,2.0,2,1,0,0.0,,,IGHV3-23*01,IGLV3-1*01,1,1
AYJ11016_AYJ11030,Patent text,2,Rework,2,4,30.39,28.389,,0,0,0,1,0,1,1,0,0,0,1,0,1,0,0,0,0,,,0.9184,55.0,182.12,0.0,0.0,2.0,AMBER,GREEN,GREEN,GREEN,GREEN,2.0,2,1,0,0.0,,,IGHV3-21*01,IGLV1-40*02,1,1
AAN22145_AAN22159,Patent text,3,Immune risk,0,0,33.55,33.548,,0,0,0,1,0,0,1,0,1,0,1,0,0,0,0,0,0,,,0.7374,54.0,189.786,0.0,0.096,6.0,GREEN,GREEN,GREEN,GREEN,GREEN,0,2,1,0,0.0,,,IGHV4-30-2*07,IGKV1-39*01,1,1
WZE43400_WZE43338,Patent text,2,Rework,1,5,26.86,26.864,,0,0,0,1,0,0,1,1,0,0,1,0,0,0,0,0,0,,,0.8866,46.0,191.709,0.0,0.0,-0.0,GREEN,GREEN,GREEN,GREEN,GREEN,0,2,1,0,0.0,,,IGHV3-66*01,IGLV3-25*02,1,1
WOL46669_WOL46686,Patent text,2,Rework,1,1,30.82,28.824,,0,0,0,1,0,0,1,0,0,0,0,0,1,0,0,0,0,,,0.9697,55.0,199.516,0.004,0.0,13.2,AMBER,GREEN,GREEN,GREEN,GREEN,2.0,0,0,0,0,,,IGHV4-31*02,IGKV3-15*01,1,1
QPT61587_QPT61591,Patent text,2,Rework,2,10,36.41,34.415,,0,0,0,1,0,1,1,0,0,0,1,0,0,1,0,0,0,,,0.9388,53.0,211.952,0.385,0.0,6.0,GREEN,AMBER,GREEN,GREEN,GREEN,2.0,2,0,0,0.0,,,IGHV3-23*01,IGLV3-1*01,1,1
QTW10553_QTW10554,Patent text,1,Ready,0,3,22.12,20.117,,0,0,0,1,0,0,1,0,0,0,1,0,0,1,0,0,0,,,0.8469,48.0,131.857,0.0,0.589,3.3,GREEN,AMBER,GREEN,GREEN,GREEN,2.0,3,0,0,0.0,,,IGHV1-69*02,IGKV1-12*01,1,1
AGU04978_AGU05010,Patent text,2,Rework,3,7,44.17,44.172,,0,0,0,1,0,0,1,1,0,0,1,0,0,0,0,0,0,,,0.9293,51.0,193.069,0.0,1.315,1.0,GREEN,GREEN,GREEN,GREEN,GREEN,0,0,1,0,0.0,,,IGHV3-9*01,IGLV3-19*01,1,1
QCB71991_QCB72005,Patent text,2,Rework,2,3,32.58,30.578,,0,0,0,1,0,0,1,0,0,0,1,0,0,1,0,0,0,,,0.8265,49.0,130.061,0.085,0.0,8.4,GREEN,AMBER,GREEN,GREEN,GREEN,2.0,2,0,0,0.0,,,IGHV1-69*01,IGKV2-30*01,1,1
ATJ75435_ATJ75439,Patent text,2,Rework,1,7,29.76,29.764,,0,0,0,1,0,1,1,0,0,0,1,0,0,0,0,0,0,,,0.9286,47.0,167.345,0.0,0.0,4.0,GREEN,GREEN,GREEN,GREEN,GREEN,0,3,1,0,0.0,,,IGHV3-21*01,IGKV1-5*03,1,1
UGP63725_UGP63724,Patent text,5,Out of range,0,0,44.1,36.102,,0,0,0,1,0,0,1,1,1,0,1,0,0,0,0,1,1,,,0.8673,48.0,184.737,0.0,4.104,-20.0,GREEN,GREEN,GREEN,RED,AMBER,8.0,4,0,0,0.0,,,IGHV1-46*01,IGKV1-33*01,1,1
XEF76948_XEF77014,Patent text,3,Immune risk,0,0,30.51,30.51,,0,0,0,1,0,1,1,1,1,0,1,0,0,0,0,0,0,,,0.8144,52.0,172.426,0.0,0.0,0.0,GREEN,GREEN,GREEN,GREEN,GREEN,0,3,0,0,0.0,,,IGHV3-66*01,IGKV1-12*01,1,1
WIO25649_WIO25665,Patent text,5,Out of range,0,0,39.5,37.502,,0,0,0,1,0,1,1,0,0,0,1,0,1,0,0,0,0,,,0.9898,55.0,180.88,0.0,0.0,6.0,AMBER,GREEN,GREEN,GREEN,GREEN,2.0,1,0,0,0.0,,,IGHV3-33*01,IGKV3-15*01,1,1
QHZ72245_QHZ72258,Patent text,2,Rework,3,6,32.89,32.892,,0,0,0,1,0,0,1,0,0,0,1,0,0,0,0,0,0,,,0.9184,46.0,166.641,0.0,0.151,-2.7,GREEN,GREEN,GREEN,GREEN,GREEN,0,2,0,0,0.0,,,IGHV3-30*03,IGLV1-44*01,1,1
UOL55415_UOL55416,Patent text,4,Hold,0,0,36.09,36.09,,0,1,0,1,0,0,1,0,0,1,1,0,0,0,0,0,0,,,0.9184,54.0,185.842,0.125,0.0,9.0,GREEN,GREEN,GREEN,GREEN,GREEN,0,2,1,0,0.0,,,IGHV3-7*01,IGKV3-15*01,1,1
QWX79090_QWX79091,Patent text,4,Hold,0,0,59.31,59.314,,0,1,0,1,0,0,1,1,1,1,1,0,0,0,0,0,0,,,0.53,47.0,168.706,0.341,0.0,-4.2,GREEN,GREEN,GREEN,GREEN,GREEN,0,3,2,0,0.0,,,IGHV3-49*04,IGKV1-5*03,1,1
AUF31459_AUF31460,Patent text,2,Rework,2,4,40.92,40.925,,0,0,0,1,0,0,1,0,0,0,1,0,0,0,0,0,0,,,0.88,46.0,189.459,0.0,0.0,16.4,GREEN,GREEN,GREEN,GREEN,GREEN,0,1,0,0,0.0,,,IGHV2-5*01,IGKV2-30*01,1,1
UOS82304_UOS82299,Patent text,1,Ready,0,2,23.51,23.507,,0,0,0,1,0,0,1,0,0,0,1,0,0,0,0,0,0,,,0.8351,50.0,177.962,1.126,0.0,0.93,GREEN,GREEN,GREEN,GREEN,GREEN,0,3,1,0,0.0,,,IGHV4-4*08,IGLV2-14*02,1,1
AUE89590_AUE89578,Patent text,2,Rework,2,5,32.39,32.388,,0,0,0,1,0,0,1,0,0,0,1,0,0,0,0,0,0,,,0.8673,51.0,198.84,0.0,0.0,0.0,GREEN,GREEN,GREEN,GREEN,GREEN,0,2,1,0,0.0,,,IGHV3-48*01,IGLV1-47*01,1,1
WYJ01844_WYJ01846,Patent text,2,Rework,1,8,31.65,31.649,,0,0,0,1,0,0,1,0,0,0,1,0,0,0,0,0,0,,,0.9796,47.0,152.571,0.0,0.0,12.0,GREEN,GREEN,GREEN,GREEN,GREEN,0,1,0,0,0.0,,,IGHV3-33*01,IGKV3-15*01,1,1
AYI33094_AYI33093,Patent text,1,Ready,0,6,26.13,24.128,,0,0,0,1,0,0,1,0,0,0,1,0,0,0,1,0,0,,,0.8571,53.0,194.044,1.798,0.611,12.3,GREEN,GREEN,AMBER,GREEN,GREEN,2.0,2,0,0,0.0,,,IGHV3-48*03,IGKV4-1*01,1,1
AZK02804_AZK02805,Patent text,4,Hold,0,0,53.54,51.543,,0,1,0,1,0,0,1,0,0,1,1,1,1,0,0,0,0,,,0.8061,59.0,193.12,0.344,0.197,10.54,AMBER,GREEN,GREEN,GREEN,GREEN,2.0,1,2,1,0.0,,,IGHV4-4*02,IGKV2-24*01,1,1
AVY90442_AVY90450,Patent text,2,Rework,2,6,36.01,36.012,,0,0,0,1,0,0,1,0,0,0,1,0,0,0,0,0,0,,,0.86,44.0,168.641,0.197,0.067,9.3,GREEN,GREEN,GREEN,GREEN,GREEN,0,1,1,0,0.0,,,IGHV3-15*01,IGKV1-39*01,1,1
AVY47012_AVY47010,Patent text,2,Rework,1,3,21.03,21.032,,0,0,0,1,0,0,1,1,0,0,1,0,0,0,0,0,0,,,0.898,49.0,153.365,0.545,0.0,15.6,GREEN,GREEN,GREEN,GREEN,GREEN,0,1,1,0,0.0,,,IGHV1-69*01,IGKV3-15*01,1,1
WIO25631_WIO25657,Patent text,2,Rework,1,2,25.7,25.703,,0,0,0,1,0,1,1,0,0,0,1,0,0,0,0,0,0,,,0.9592,49.0,172.364,0.0,0.0,6.3,GREEN,GREEN,GREEN,GREEN,GREEN,0,2,0,0,0.0,,,IGHV1-69*01,IGKV3-20*01,1,1
AGA47713_AGA47754,Patent text,1,Ready,0,7,32.34,28.337,,0,0,0,1,0,0,1,1,0,0,1,0,1,0,1,0,0,,,0.898,43.0,143.628,1.299,0.0,5.0,AMBER,GREEN,AMBER,GREEN,GREEN,4.0,2,0,0,0.0,,,IGHV3-23*01,IGKV1-39*01,1,1
AUF53929_AUF53928,Patent text,3,Immune risk,0,0,33.97,31.969,,0,0,0,1,0,0,1,1,0,0,1,0,0,0,0,0,1,,,0.8265,46.0,142.182,0.0,1.321,-8.0,GREEN,GREEN,GREEN,GREEN,AMBER,2.0,2,2,0,0.0,,,IGHV1-3*01,IGKV1-12*01,1,1
ABY17078_ABY17079,Patent text,2,Rework,4,4,40.75,38.755,,0,0,0,1,0,0,1,0,0,0,1,0,1,0,0,0,0,,,0.95,55.0,150.473,0.149,0.0,6.3,AMBER,GREEN,GREEN,GREEN,GREEN,2.0,2,0,0,0.0,,,IGHV3-15*01,IGKV2-28*01,1,1
XEF76943_XEF77001,Patent text,3,Immune risk,0,0,39.96,39.962,,0,0,1,1,0,0,1,1,1,0,1,0,0,0,0,0,0,,,0.8247,52.0,173.305,0.0,0.045,0.0,GREEN,GREEN,GREEN,GREEN,GREEN,0,3,0,0,0.0,,,IGHV3-66*01,IGLV3-19*01,1,1
QRM10853_QRM10854,Patent text,3,Immune risk,0,0,27.83,27.827,,0,0,0,1,0,1,1,0,1,0,1,0,0,0,0,0,0,,,0.8557,44.0,163.438,0.0,0.0,4.0,GREEN,GREEN,GREEN,GREEN,GREEN,0,3,2,0,0.0,,,IGHV3-21*08,IGKV3-11*01,1,1
XEF76954_XEF77001,Patent text,3,Immune risk,0,0,34.34,34.338,,0,0,0,1,0,0,1,1,1,0,1,0,0,0,0,0,0,,,0.8041,52.0,180.525,0.0,0.575,0.0,GREEN,GREEN,GREEN,GREEN,GREEN,0,3,0,0,0.0,,,IGHV3-66*01,IGLV3-19*01,1,1
UOJ63986_UOJ64007,Patent text,2,Rework,2,4,32.06,32.061,,0,0,0,1,0,0,1,0,0,0,1,0,0,0,0,0,0,,,0.898,52.0,179.347,0.044,0.275,2.31,GREEN,GREEN,GREEN,GREEN,GREEN,0,2,1,0,0.0,,,IGHV5-10-1*01,IGKV3-20*01,1,1
UOS75577_UOS75593,Patent text,4,Hold,0,0,35.07,35.072,,0,0,0,1,0,0,1,0,0,1,1,0,0,0,0,0,0,,,0.8673,52.0,178.134,0.236,0.0,15.81,GREEN,GREEN,GREEN,GREEN,GREEN,0,2,1,0,0.0,,,IGHV3-21*01,IGKV3-20*01,1,1
XEF76949_XEF77002,Patent text,3,Immune risk,0,0,26.0,25.999,,0,0,0,1,0,0,1,0,1,0,1,0,0,0,0,0,0,,,0.8144,52.0,196.705,0.0,0.0,3.0,GREEN,GREEN,GREEN,GREEN,GREEN,0,3,0,0,0.0,,,IGHV3-66*01,IGLV3-21*03,1,1
ADF08750_ADF08754,Patent text,2,Rework,2,1,37.26,37.257,,0,0,1,1,0,0,1,1,0,0,1,0,0,0,0,0,0,,,0.9588,45.0,161.331,0.0,0.0,3.0,GREEN,GREEN,GREEN,GREEN,GREEN,0,3,0,0,0.0,,,IGHV4-34*12,IGKV1-13*02,1,1
QFO44011_QFO43800,Patent text,2,Rework,1,5,33.95,31.953,,0,0,0,1,0,1,1,0,0,0,1,0,1,0,0,0,0,,,0.8557,55.0,149.313,0.0,0.0,10.0,AMBER,GREEN,GREEN,GREEN,GREEN,2.0,2,0,0,0.0,,,IGHV3-66*01,IGKV1-39*01,1,1
ACK08525_ACK08482,Patent text,2,Rework,2,6,31.58,27.578,,0,0,0,1,0,0,1,0,0,0,1,0,1,1,0,0,0,,,0.9694,56.0,214.441,0.0,0.093,2.2,AMBER,AMBER,GREEN,GREEN,GREEN,4.0,0,1,0,0.0,,,IGHV1-2*02,IGLV2-14*03,1,1
QXD47945_QXD47988,Patent text,4,Hold,0,0,39.08,39.075,,0,1,0,1,0,0,1,0,0,1,1,0,0,0,0,0,0,,,0.9286,51.0,176.348,1.175,0.0,8.0,GREEN,GREEN,GREEN,GREEN,GREEN,0,2,0,0,0.0,,,IGHV3-33*01,IGKV3-20*01,1,1
QRL74890_QRL74891,Patent text,1,Ready,0,6,23.79,23.792,,0,0,0,1,0,0,1,0,0,0,1,0,0,0,0,0,0,,,0.949,48.0,165.055,0.0,0.311,-2.7,GREEN,GREEN,GREEN,GREEN,GREEN,0,1,0,0,0.0,,,IGHV3-23*01,IGKV3-20*01,1,1
AVA89872_AVA89873,Patent text,2,Rework,2,0,30.51,30.512,,0,0,0,1,0,1,1,0,0,0,1,0,0,0,0,0,0,,,0.9798,48.0,166.74,0.0,0.0,6.1,GREEN,GREEN,GREEN,GREEN,GREEN,0,1,0,0,0.0,,,IGHV4-31*02,IGKV3-20*01,1,1
WIO10542_WIO10546,Patent text,2,Rework,1,4,33.26,31.263,,0,0,0,1,0,0,1,0,0,0,1,0,1,0,0,0,0,,,0.8351,43.0,168.246,0.073,0.0,8.0,AMBER,GREEN,GREEN,GREEN,GREEN,2.0,3,0,0,0.0,,,IGHV4-4*08,IGKV1D-7-1*01,1,1
QNB63453_QNB63467,Patent text,5,Out of range,0,0,67.82,67.824,,1,1,1,1,0,1,1,1,0,0,1,0,0,0,0,0,0,,,0.9278,,,,,,,,,,,0,3,1,0,0.0,,,IGHV4-34*01,IGLV1-51*01,0,1
QCA60490_QCA60500,Patent text,2,Rework,3,6,37.31,35.306,,0,0,0,1,0,0,1,0,0,0,1,0,0,1,0,0,0,,,0.92,52.0,202.508,0.553,0.0,4.0,GREEN,AMBER,GREEN,GREEN,GREEN,2.0,2,0,0,0.0,,,IGHV3-15*07,IGLV1-44*01,1,1
